:020000040800F2
:10000000183500204901000875270008FD16000872
:1000100071270008AB070008F53400080000000055
:100020000000000000000000000000008D2D00080E
:10003000CD08000800000000E5270008792E000820
:100040006301000863010008630100086301000800
:1000500063010008630100086301000863010008F0
:1000600063010008630100086301000863010008E0
:1000700063010008630100086301000863010008D0
:1000800063010008630100086301000863010008C0
:1000900063010008630100086301000863010008B0
:1000A00063010008630100086301000863010008A0
:1000B0006301000863010008630100086301000890
:1000C0006301000863010008630100086301000880
:1000D0006301000863010008630100086301000870
:1000E0006301000863010008630100086301000860
:1000F0006301000863010008630100086301000850
:10010000630100086301000863010008630100083F
:10011000630100086301000863010008630100082F
:10012000630100086301000863010008630100081F
:10013000DFF810D000F008FB00480047194900081C
:10014000AFF3008018350020064880470648004776
:10015000FEE7FEE7FEE7FEE7FEE7FEE7FEE7FEE777
:10016000FEE7FEE77D2E00083101000840EA0103AA
:100170009B0703D009E008C9121F08C0042AFAD25D
:1001800003E011F8013B00F8013B521EF9D2704721
:10019000D2B201E000F8012B491EFBD270470022C9
:1001A000F6E710B513460A4604461946FFF7F0FF76
:1001B000204610BD421C10F8011B0029FBD1801AFB
:1001C0007047F0B480EA0102D40F4200B2EB410F55
:1001D00002D20246084611464A0042D0C30DDDB2A3
:1001E000C1F3C752AD1A202D35DAC1F3160141F41F
:1001F000000204B15242C5F1200602FA06F12A417A
:100200001044B3EBD05F23D0C4B1012DA0EBC35099
:1002100009DCF0BC4FF0004202EAC352DBB200F549
:10022000000000F006BA400000F1807000EBC350FF
:10023000A0F1807040EAD170490009E0490841EA24
:10024000C071A0EBC35000F50000400800EBC350A4
:10025000F0BC00F0E5B96142012202EB4101001B54
:10026000F6E7F0BC704781F00041AAE780F000405B
:10027000A7E780EA010210B502F00043400022D057
:100280004A001FD0010E01EB1261C0F35600C2F309
:10029000560240F4000042F40002A0FB02200004D9
:1002A0007F39140400D0401C50EA124001D44000B1
:1002B000491EC2B20C0604EBD010401C4008802A34
:1002C00002D003E0002010BD20F00100002900DA78
:1002D0000020184310BD30B480EA010202F000454E
:1002E00030F0004221F0004013D090B1C30DD40D86
:1002F000C2F31601C0F31600E41A41F4000140F401
:1003000000027D34914201D3641C00E04900002CBE
:1003100002DA30BC002070474FF400000023914205
:1003200001D3891A034340084FEA4101F7D151B183
:10033000914202D14FF0004105E002D24FF001019D
:1003400001E06FF0010103EBC450284430BC00F021
:1003500067B92DE9FE4F81EA030404F0004421F05F
:10036000004100944FF0000B23F0004350EA0104D9
:100370005ED052EA03045BD0C3F30A54C1F30A55BA
:100380002C44A4F2F3340194A0FB0254C1F31301F2
:1003900041F48011C3F3130343F4801301FB0244BF
:1003A00000FB034E840A970A44EA815447EA8357C4
:1003B000A4FB076802958D0A05FB07854FEA932C7D
:1003C00004FB0C542705029D4FEA065847EA1637EE
:1003D000B5EB08056EEB070C870E920E47EA811706
:1003E00042EA8312A7FB0201B6EB0B0164EB0004A7
:1003F0002B0D43EA0C335E1844EB1C50DA46514691
:10040000E7FB0201C5F313044FEA0B3343EA14532D
:100410004FEA0432019C43EA0603A4F10C0402945F
:10042000009CCDE900B400F041F903B0BDE8F08FC5
:1004300000200146F9E72DE9F04D81EA030404F0BC
:10044000004B21F0004514464FF0000A23F0004114
:1004500050EA050220D054EA01021DD0C5F30A5724
:100460000246C5F31303C1F31300C1F30A5640F467
:10047000801543F48013A7EB0608101BD64608F23C
:10048000FD3873EB050002D308F1010801E0921872
:100490005B41B8F1000F03DA00200146BDE8F08DA2
:1004A00000204FF48011064684460EE0171B73EBC4
:1004B000050705D3121B63EB050306434CEA010C49
:1004C00049084FEA300092185B4150EA0107EDD12C
:1004D00052EA030012D082EA040083EA05010843CD
:1004E00005D0101BAB4106D20122002306E00022FA
:1004F0004FF0004302E06FF0010253101AEB0600C8
:100500004CEB085110EB0A0041EB0B01BDE8F04D3C
:1005100000F0BDB8C10F80EAE0700844CA07962316
:10052000002100F086B800F0004220F00040C10D2C
:10053000C0F3160040F400007F2901DA0020704764
:10054000962903DCC1F19601C84001E09639884044
:10055000002AF4D04042704720F00040C10DC0F3A3
:10056000160040F400007F2901DA00207047962928
:1005700003DCC1F19601C840704796398840704746
:1005800000F0004230F000400AD0C10D01F560716A
:10059000C0F3160042EA0151C208400711437047F8
:1005A00000200146704701F0004330B421F00041C3
:1005B00050EA010206D00A0DA2F56072C1F31301E0
:1005C000002A02DC30BC00207047440F44EAC1041A
:1005D000C100E01830BC00EBC25000F021B80000B0
:1005E000002801DBC0F10040002901DBC1F100411E
:1005F0008142704730B50B4601460020202201247D
:1006000009E021FA02F59D4205D303FA02F5491BE0
:1006100004FA02F52844151EA2F10102F1DC30BDF6
:100620000029A8BF7047401C490008BF20F0010006
:10063000704710B4B0FA80FC00FA0CF050EA0104E4
:1006400004BF10BC704749B1CCF1200421FA04F476
:1006500011FA0CF118BF012121430843A3EB0C014F
:10066000CB1D4FEA00614FEA102042BF002010BCB2
:10067000704700EBC35010440029A4BF10BC704762
:10068000401C490008BF20F0010010BC704710B5A5
:10069000141E73F1000408DA401C41F100019218A5
:1006A0005B411A4301D120F0010010BD2DE9F04D4E
:1006B00092469B4611B1B1FA81F202E0B0FA80F2A3
:1006C0002032904600F052F804460F4640EA0A00F5
:1006D00041EA0B0153465A46084313D0114653EAE8
:1006E000010019D0C8F14002504600F04EF805460E
:1006F0000E4650465946424600F038F8084305D0A9
:10070000012004E020463946BDE8F08D0020054375
:1007100046EAE0762C4337430A986305E40AA0EBE7
:1007200008000022FD0A44EA47540A3002D500209E
:100730000146E9E7010510196941DDE9084500199D
:100740006941BDE8F04DA2E7064C074D06E0E068C0
:1007500040F0010394E8070098471034AC42F6D308
:10076000FFF7EAFC0084010820840108202A04DB4A
:10077000203A00FA02F1002070479140C2F12003B4
:1007800020FA03F3194390407047202A04DB203AF3
:1007900021FA02F00021704721FA02F3D040C2F1A1
:1007A0002002914008431946704700BFFEE7000051
:1007B00038B505460C460020009002F065F901228C
:1007C0009102684602F0A6F89DF80000A52801D025
:1007D000012000E00020012C01D1012100E00021D6
:1007E000084308B39DF80000A52806D1012C04D1C8
:1007F000C022E102104802F08DF800BF284603F045
:10080000EFF90028FAD0002002F0ECF9A5200090C2
:1008100001229102684602F0A5F8C0224FF400615F
:10082000054802F09FF805E0C0224FF4006102483D
:1008300002F070F838BD00002800002038B50446EA
:100840004FF6FF71084601F04DFF01200090074868
:10085000008883B206480088523882B200215120B5
:1008600001F0D2F900F062F838BD00001A00002053
:100870001800002010B5044600F094F810BD0000E8
:1008800070B504462546287A04490871098888B25B
:100890004FF6FF7101F026FF70BD0000140100202B
:1008A00070B5044625460849A8680860098888B2DA
:1008B0004FF6FF7101F016FF03480079082802D1B6
:1008C00000200149087170BD14010020704700002C
:1008D0003EB505460C46512D0BDD002C09DB0F48BB
:1008E000008800B2854204DA0D48008800B28442D4
:1008F00000DB3EBDA8B2ADF80000A0B2ADF802002A
:1009000001208DF80400002002906946054804F09B
:10091000DBF801200449087000BFEAE71800002056
:100920001A000020A40200201C01002010B5064877
:1009300004F00EF9054804F000F90020044908709D
:1009400004A000F017F910BDA4020020A80E00209A
:100950001C01002052656164793A2064726177203D
:1009600064696769740000000EB50A48007800B930
:100970000EBD0020ADF80000ADF802008DF80400B7
:1009800002906946044804F09FF80020014908706D
:1009900000BFEDE71C010020A402002010B5FFF706
:1009A000C5FF10BD10B58AB0FFF7DEFF2E492F48F6
:1009B00004F0E6F8044644B12DA000F0DBF821462F
:1009C0002FA003F0B9FB0AB010BD002004F06EF9AF
:1009D00008A9254804F026F904463CB132A000F0ED
:1009E000C9F8214635A003F0A7FBECE7012004F08D
:1009F0005DF906A91C4804F015F904463CB139A07C
:100A000000F0B8F821463AA003F096FBDBE702209D
:100A100004F04CF904A9144804F004F904463CB16C
:100A20003BA000F0A7F821463CA003F085FBCAE7F5
:100A30009DF811209DF819109DF8210000F080F814
:100A4000BDF812009DF81110BDF81A20CDE9002163
:100A500002909DF81930BDF822209DF821103748EA
:100A600003F06AFB00BFAEE7A80E0020A40200203E
:100A7000496E70757420746F6F20736D616C6C00BB
:100A800044696769744E4E3A20696E7075742074BB
:100A90006F6F20736D616C6C2C207374617475734F
:100AA0003D25640D0A000000506572636570747224
:100AB0006F6E206572726F72000000004469676992
:100AC000744E4E3A2070657263657074726F6E205A
:100AD0006572726F722C207374617475733D256436
:100AE0000D0A0000464E4E206572726F72000000C3
:100AF00044696769744E4E3A20666E6E2065727264
:100B00006F722C207374617475733D25640D0A0037
:100B1000434E4E206572726F72000000446967692F
:100B2000744E4E3A20636E6E206572726F722C2086
:100B30007374617475733D25640D0A00B8830108F0
:100B400070B58AB004460D4616462B46224605A1CE
:100B500002A8009603F000FB02A800F00BF80AB010
:100B600070BD0000503A257520463A257520433A5D
:100B70002575000010B58AB00446202102A8FFF7B1
:100B80000EFB224612A102A803F0E6FA114801F07A
:100B9000B3FD4FF6FF71002001F0A4FD012000908D
:100BA0000D480088553882B222230221552001F0D9
:100BB0002BF802AA0A21572000F096FE074909885F
:100BC00088B24FF6FF7101F08DFD0AB010BD000034
:100BD00025730000F80000201800002014010020F8
:100BE000F8B505462C46207BA0BB4FF6FF714CF2B2
:100BF000186001F077FD01200090E6886788F61BF9
:100C0000B3B2A6882788F61BB2B26188384600F0D6
:100C1000FBFF4CF218614FF4784001F063FD32485D
:100C200001F06AFDE2886388D21AA2F1100606EB91
:100C3000D67203EB620291B2A2882388D21AA2F183
:100C4000180707EBD77203EB620290B227A200F0FD
:100C50004BFE33E0FFE74FF6FF71084601F042FD1F
:100C600001200090E6886788F61BB3B2A688278823
:100C7000F61BB2B26188384600F0C6FF4FF6FF712E
:100C80004FF4784001F02EFD174801F035FDE28861
:100C90006388D21AA2F1100606EBD67203EB620249
:100CA00091B2A2882388D21AA2F1180707EBD77253
:100CB00003EB620290B20DA200F016FE4FF6FF7138
:100CC0004FF4047001F00EFD00200090E688678864
:100CD000F61BB3B2A6882788F61BB2B261883846E5
:100CE00000F092FFF8BD0000F8000020434C5200D5
:100CF000F8B505462C46207BA0B9218988B24FF66D
:100D0000FF7101F0EFFC01200090E6886788F61B78
:100D1000B3B2A6882788F61BB2B26188384600F0C5
:100D200073FF12E04FF6FF71084601F0DBFC012073
:100D30000090E6886788F61BB3B2A6882788F61B62
:100D4000B2B26188384600F05FFF4FF6FF714FF492
:100D5000047001F0C7FC00200090E6886788F61B4D
:100D6000B3B2A6882788F61BB2B26188384600F075
:100D70004BFFF8BDF8B505462C46207BD0B94FF6A1
:100D8000FF714FF4047001F0ADFC01200090E68883
:100D90006788F61BB3B2A6882788F61BB2B26188B3
:100DA000384600F031FF4FF404714FF6FF7001F048
:100DB00099FC18E04FF6FF71084601F093FC012002
:100DC0000090E6886788F61BB3B2A6882788F61BD2
:100DD000B2B26188384600F017FF4FF6FF714FF44A
:100DE000047001F07FFC174801F086FCE2886388FC
:100DF000D21AA2F1100606EBD67203EB620291B290
:100E00002288083290B210A200F06EFD4FF6FF71FA
:100E10004FF4047001F066FC00200090E6886788BB
:100E2000F61BB3B2A6882788F61BB2B26188384693
:100E300000F0EAFE0549098888B24FF6FF7101F01B
:100E400051FCF8BDF8000020524543001401002079
:100E50002DE9F84306463446207B80BB4FF6FF71F0
:100E60004CF2186001F03EFC01200090E788B4F8D5
:100E700002C0A7EB0C07BBB2A788B4F800C0A7EB71
:100E80000C07BAB26188604600F0BEFE4CF21861F1
:100E90004FF4047001F026FC00200090E788B4F8BD
:100EA00002C0A7EB0C07BBB2A788B4F800C0A7EB41
:100EB0000C07BAB26188604600F0A6FE2FE0FFE79B
:100EC0004FF6FF71084601F00DFC01200090E78805
:100ED000B4F802C0A7EB0C07BBB2A788B4F800C0F7
:100EE000A7EB0C07BAB26188604600F08DFE4FF6A2
:100EF000FF714FF4047001F0F5FB00200090E788CB
:100F0000B4F802C0A7EB0C07BBB2A788B4F800C0C6
:100F1000A7EB0C07BAB26188604600F075FE4FF689
:100F2000FF71002001F0DEFBA06809282FD2DFE866
:100F300000F0052F567DA4CBF5F3F2004FF6FF71BC
:100F4000002001F0CFFBB4F806C0B4F80290ACEB7F
:100F5000090707EBD77C09EB6C0C1FFA8CF3B4F88C
:100F600006C0ACEB090808EBD87C09EB6C0C1FFA47
:100F70008CF1B4F804C0ACF1140C1FFA8CF2B4F884
:100F800000C00CF1140C1FFA8CF000F0EDFD77E1BD
:100F900001200090B4F806C0B4F80290ACEB090848
:100FA00008EBD87C09EB6C0C1FFA8CF3B4F806C084
:100FB000ACEB090707EBD77C09EB6C0C1FFA8CF143
:100FC000B4F804C0ACF1140C1FFA8CF2B4F800C0F1
:100FD0000CF1140C1FFA8CF001F0C6FA50E102205B
:100FE0000090B4F806C0B4F80290ACEB090707EB28
:100FF000D77C09EB6C0C1FFA8CF3B4F806C0ACEB91
:10100000090808EBD87C09EB6C0C1FFA8CF1B4F8DA
:1010100004C0ACF1140C1FFA8CF2B4F800C00CF14F
:10102000140C1FFA8CF001F09FFA29E103200090C4
:10103000B4F806C0B4F80290ACEB090707EBD77C14
:1010400009EB6C0C1FFA8CF3B4F806C0ACEB090882
:1010500008EBD87C09EB6C0C1FFA8CF1B4F804C0D7
:10106000ACF1140C1FFA8CF2B4F800C00CF1140CA3
:101070001FFA8CF001F078FA02E104200090B4F835
:1010800006C0B4F80290ACEB090808EBD87C09EB79
:101090006C0C1FFA8CF3B4F806C0ACEB090707EB35
:1010A000D77C09EB6C0C1FFA8CF1B4F804C0ACF1DE
:1010B000140C1FFA8CF2B4F800C00CF1140C1FFAD7
:1010C0008CF001F051FADBE008200090B4F806C083
:1010D000B4F80290ACEB090707EBD77C09EB6C0C7A
:1010E0001FFA8CF3B4F806C0ACEB090808EBD87C07
:1010F00009EB6C0C1FFA8CF1B4F804C0ACF1140CC1
:101100001FFA8CF2B4F800C00CF1140C1FFA8CF02A
:1011100001F02AFAB4E072E027E0FFE70A2000902D
:10112000B4F806C0B4F80290ACEB090808EBD87C20
:1011300009EB6C0C1FFA8CF3B4F806C0ACEB090792
:1011400007EBD77C09EB6C0C1FFA8CF1B4F804C0E8
:10115000ACF1140C1FFA8CF2B4F800C00CF1140CB2
:101160001FFA8CF001F000FA8AE04FF6FF710020C0
:1011700001F0B8FAB4F806C0B4F80290ACEB090775
:1011800007EBD77C09EB6C0C1FFA8CF3B4F806C0A4
:10119000ACEB090808EBD87C09EB6C0C1FFA8CF15E
:1011A000B4F804C0ACF1050C1FFA8CF2B4F800C01E
:1011B0000CF1050C1FFA8CF000F0D6FC002514E0B1
:1011C000E2886388D71A07EBD77203EB620291B209
:1011D0002288521D05EB850302EB430290B20123E6
:1011E000032200F00FFC681C85B2A0882188401AF9
:1011F0000A380A2190FBF1F0A842E1DC40E000212E
:101200004FF6FF7001F06EFA01200090E2886388CB
:10121000D21AA2F1280707EBD77203EB620291B250
:10122000A2882388D21AA2F1180808EBD87203EB1F
:10123000620290B218231A4600F0E6FC4CF21861E4
:101240004FF4784001F04EFA0F4801F055FAE28869
:101250006388D21AA2F1280707EBD77203EB620268
:10126000183291B2A2882388D21AA2F1200808EB82
:10127000D87203EB620290B204A200F069FB00BFD7
:1012800000BFBDE8F8830000F8000020E6A9A1E750
:101290009AAE00002DE9F84305460F4614461E4657
:1012A000DDF82080512C71DD512DFCDD98F8040013
:1012B000082807D039462846FFF70AFB3146204662
:1012C000FFF706FB98F80400092815D2DFE800F0C4
:1012D000051525354555687A9700002D01DB002F4F
:1012E00004DAB1B2A0B201F019F905E0B3B2A2B2CA
:1012F000B9B2A8B200F038FCA9E0601E512802DBA8
:10130000681E512800DAA2E00120B3B2A2B2B9B23D
:101310000090A8B201F028F999E0A01E512802DB44
:10132000A81E512800DA92E00220B3B2A2B2B9B2EC
:101330000090A8B201F018F989E0E01E512802DB04
:10134000E81E512800DA82E00320B3B2A2B2B9B29B
:101350000090A8B201F008F979E0201F512802DBC3
:10136000281F512800DA72E00420B3B2A2B2B9B249
:101370000090A8B201F0F8F869E0A4F10800512843
:1013800003DBA5F10800512801DA60E060E00820E5
:10139000B3B2A2B2B9B20090A8B201F0E5F856E03B
:1013A000A4F10A00512803DBA5F10A00512800DA54
:1013B0004DE00A20B3B2A2B2B9B20090A8B201F0D7
:1013C000D3F844E0E01E512802DBE81E512800DA81
:1013D0003DE0002D01DB002F04DAB1B2A0B201F034
:1013E0009DF80BE0B3B2A2B2B9B2A8B200F0BCFB58
:1013F000B1B2A0B20123032200F004FB27E0A4F164
:101400001400512810DB28301249098888420BDC6F
:101410002838002808D406F114000F4909888842AA
:1014200002DC2838002800D511E04FF6FF7108468D
:1014300001F058F90120A6F1140291B2A4F11402AE
:10144000009090B228231A4600F0DEFB00BF00BFD8
:10145000BDE8F883180000201A00002051B1820076
:10146000A2F1C042126842F001038200A2F1C04220
:10147000136009E08200A2F1C0421268034B1A40D7
:101480008300A3F1C0431A6070470000FEFF0F0005
:10149000D0E901121143C268114302691143426944
:1014A000114382691143C2691143026A1143426ABE
:1014B0001143826A1143C26A1143026B11430268ED
:1014C0009200A2F1C0421160816808290BD1016825
:1014D0008900A1F1C041096841F04002016889001A
:1014E000A1F1C0410A60416B0968426B526841EA50
:1014F0000211426B926841EA0221426B928941EAF1
:101500000241426B128A41EA0251426B127D41EA6A
:101510000261426B926911430268521C9200A2F16F
:10152000C0421160C16AB1F5804F1BD1816B09685F
:10153000826B526841EA0211826B926841EA022191
:10154000826B128A41EA0251826B127D41EA02618A
:10155000826B9269114302689200A2F1C042C2F804
:10156000041107E06FF0704201688900A1F1C041E9
:10157000C1F8042170472DE9F041024600250026FC
:10158000002000230024002791F803C00CF00F0571
:1015900091F803C00CF0100CBCF1000F03D091F8CF
:1015A00002C04CEA050591F800C0BCF1000F31D033
:1015B000146800202BE04FF0010C0CFA00F3B1F896
:1015C00000C00CEA03069E4220D183004FF00F0CAE
:1015D0000CFA03F7BC4305FA03FC4CEA040491F847
:1015E00003C0BCF1280F06D14FF0010C0CFA00FC2F
:1015F000C2F814C00AE091F803C0BCF1480F05D14D
:101600004FF0010C0CFA00FCC2F810C0401C082876
:10161000D1D31460B1F800C0BCF1FF0F34DD5468C1
:1016200000202EE000F1080C4FF0010808FA0CF33E
:10163000B1F800C00CEA03069E4221D183004FF0AE
:101640000F0C0CFA03F7BC4305FA03FC4CEA040444
:1016500091F803C0BCF1280F05D100F1080C08FA7D
:101660000CF8C2F8148091F803C0BCF1480F07D100
:1016700000F1080C4FF0010808FA0CF8C2F81080CD
:10168000401C0828CED35460BDE8F08102460020FB
:1016900093680B400BB1012000E0002070474161CE
:1016A00070470161704700002DE9F04180460C460B
:1016B0001048007820B901F0E7F901200D490870C1
:1016C0002512E6B2A5F1A101C1EB011202EB411115
:1016D00006EB4101A1390802C11700EB5171CF108F
:1016E000054839182022404601F014F90020BDE8D1
:1016F000F0810000100100200030180000BFFEE75C
:1017000010B504462CB14FF480510548FFF7C7FFD0
:1017100004E04FF480510248FFF7C3FF10BD000002
:10172000001401402DE9F04106460F4614461D46BF
:101730002B4622463946304600F042FC04FB05F0B9
:101740000249098800F0DBFABDE8F081260000209C
:1017500001B502E00098401E009000980028F9D1E1
:1017600008BD00002DE9F04389B080468946174640
:1017700010231A464946404600F022FC2C2000F077
:10178000E9FE394601A8FFF78FFF002422E001A8F7
:1017900010F814604FF6FF7000EA0626012000EBF7
:1017A000440001A9085C064300250FE04FF4004007
:1017B0002841304020B10A48008800F0CFFE03E005
:1017C0000848008800F0CAFE681CC5B2102DEDDB89
:1017D000601CC4B2102CDADB09B0BDE8F083000055
:1017E00024000020260000202DE9F05F8046894675
:1017F0001646A6F120001FFA80FA1E49096889885A
:101800001C4A1268D28801FB02F0C11700EB51712B
:10181000C1F3C7071748006800680AFB070B1548A3
:101820000068C3881348006882884946404600F033
:10183000C7FB2C2000F08EFE002416E0002510E0EF
:101840001BF8040080212941084020B10A48008883
:1018500000F084FE03E00948008800F07FFE681C69
:10186000C5B2082DECDB601CC4B2BC42E6DBBDE8AF
:10187000F09F00002000002024000020260000200F
:1018800070B504460D46002624E030461349096829
:101890008988084412490988884205DD00260F48D6
:1018A0000068C088204484B220460C490968C98871
:1018B00008440C490988884201DD002600242A7862
:1018C00021463046FFF790FF6D1C04480068808871
:1018D000304486B228780028D7D170BD200000207F
:1018E000180000201A00002070B505460E46144668
:1018F00024E0284613490968898808441249098860
:10190000884205DD00250F480068C088304486B253
:1019100030460C490968C98808440C49098888423E
:1019200001DD00250026227831462846FFF75CFFBE
:10193000641C044800688088284485B22078002808
:10194000D7D170BD20000020180000201A00002010
:101950002DE9F04105460E46144648E020787E28E1
:1019600025DC2846244909688988084423490988D0
:10197000884205DD002520480068C088304486B2D2
:1019800030461D490968C98808441D4909888842AC
:1019900001DD00250026227831462846FFF724FF86
:1019A000154800688088284485B2641C1FE02846DA
:1019B000103012490988884203DD002506F1100025
:1019C00086B2304610300E490988884201DD002574
:1019D00000262788380200EB272087B23A46314696
:1019E0002846FFF7BFFE05F1100085B2A41C207841
:1019F0000028B3D1BDE8F0812000002018000020AD
:101A00001A0000202DE9F05F05460E4691469B46E0
:101A100000240FFA89F70320A0EB49000FFA80FA9F
:101A200087E0BBF1000F40D0A0463BE006EB080288
:101A300091B22A1990B200F071FD06EB080291B242
:101A40002A1B90B200F06AFD321991B2A5EB080290
:101A500090B200F063FD321B91B2A5EB080290B288
:101A600000F05CFDA6EB080291B22A1B90B200F0D8
:101A700055FDA6EB080291B22A1990B200F04EFD76
:101A8000321B91B205EB080290B200F047FD32190B
:101A900091B205EB080290B200F040FD08F10100A0
:101AA0000FFA80F8B845C1DD2FE0F21991B22A197A
:101AB00090B200F033FDF21991B22A1B90B200F0FF
:101AC0002DFD321991B2EA1B90B200F027FD321BB6
:101AD00091B2EA1B90B200F021FDF21B91B22A1BD9
:101AE00090B200F01BFDF21B91B22A1990B200F0E7
:101AF00015FD321B91B2EA1990B200F00FFD3219B8
:101B000091B2EA1990B200F009FD601C04B2BAF17A
:101B1000000F05DAA000801D50440FFA80FA07E09C
:101B2000E01B80000A3050440FFA80FA781E07B29A
:101B300000BFBC427FF775AFBDE8F09F70B50446AB
:101B40000D4604F10A018AB2143988B22B4629469F
:101B500000F00AF805F10A0083B2143881B2224677
:101B6000204600F001F870BD2DE9FF4F83B081469B
:101B70004FF0000AD3460598A0EB09050499069892
:101B8000461ACDF8049004980090002D01DD01273D
:101B900005E00DB9002702E04FF0FF376D42002E3F
:101BA00002DD4FF0010806E016B94FF0000802E030
:101BB0004FF0FF387642B54201DD2C4600E0344656
:101BC0000020029019E0DDE9001000F0A7FCAA4413
:101BD000B344A24505DDAAEB040A0198384480B25B
:101BE0000190A34505DDABEB040B0098404480B2A7
:101BF00000900298401C80B20290611C02988842BA
:101C0000E1DD07B0BDE8F08F2DE9F04104460D4657
:101C100016461F46DDF81880B8F1000F0CD03B4681
:101C200032462946204600F0CBF906FB07F017495B
:101C3000098800F064F827E0A019401E82B22B4604
:101C400029462046FFF790FFE819401E83B2A019ED
:101C5000401E82B2E819401E81B22046FFF784FF81
:101C6000E819401E83B2224629462046FFF77CFF32
:101C7000E919491E8BB2A119491E8AB2A119491E40
:101C800088B22946FFF770FFBDE8F08124000020EC
:101C900000B597B03C2108A8FEF781FA1C2101A8E5
:101CA000FEF77DFA0121080200F09EFD012001905F
:101CB0000420039080060790002002900490059075
:101CC00006900890099008200A9010200B900020A0
:101CD0000C900E900F9010904FF4805011900020B7
:101CE00012901390149001A81590169008A8FFF771
:101CF000CFFB01210020FFF7B1FB17B000BD70B58D
:101D000004460D4600262C2000F024FC00BF03E012
:101D1000284600F023FC761CA642F9D370BD0000D3
:101D200008B50121602000F06FFD03208DF802004E
:101D300018208DF803004FF48040ADF8000069468C
:101D40005B48FFF718FC4FF40040ADF8000069460F
:101D50005748FFF710FC0120ADF8000069465448D1
:101D6000FFF709FC0220ADF8000069465048FFF774
:101D700002FC8020ADF8000069464E48FFF7FBFBEF
:101D80004FF48070ADF8000069464A48FFF7F3FB56
:101D90004FF40070ADF8000069464648FFF7EBFBD2
:101DA0004FF48060ADF8000069464248FFF7E3FB5E
:101DB0004FF40060ADF8000069463E48FFF7DBFBDA
:101DC0004FF48050ADF8000069463A48FFF7D3FB66
:101DD0004FF40050ADF8000069463648FFF7CBFBE2
:101DE0004FF48040ADF8000069463248FFF7C3FB6E
:101DF0004FF40040ADF8000069462E48FFF7BBFBEA
:101E00004FF48070ADF8000069462948FFF7B3FB36
:101E10004FF40070ADF8000069462548FFF7ABFBB2
:101E20004FF48060ADF8000069462148FFF7A3FB3E
:101E300003208DF8020018208DF803001020ADF863
:101E4000000069461A48FFF796FB2020ADF8000015
:101E500069461748FFF78FFB8020ADF80000694600
:101E60001348FFF788FB4FF40060ADF800006946A7
:101E70000F48FFF780FB10208DF8030003208DF83A
:101E800002000220ADF8000069460A48FFF773FB24
:101E900010208DF8030003208DF802004FF48050CD
:101EA000ADF8000069460248FFF765FB08BD000079
:101EB000001401400018014010B50446072C00DD55
:101EC00010BD31480470204604EBD0714910A4EBDA
:101ED000410139B9F0202D4908804FF4A0702C49F8
:101EE000088006E04FF4A07028490880F0202849B7
:101EF0000880362000F02EFB2648008849F2413148
:101F0000884205D1082141EA441000F027FB0AE08D
:101F10002048008848F25251884204D1002141EA09
:101F2000441000F01BFB2A2000F014FB002000F0FE
:101F300015FB002000F012FB14490988491EC1F36B
:101F4000072000F00BFB11490978491EC8B200F0C8
:101F500005FB2B2000F0FEFA002000F0FFFA002025
:101F600000F0FCFA0A490988491EC1F3072000F075
:101F7000F5FA07490978491EC8B200F0EFFA2C209B
:101F800000F0E8FA00BF9BE71C00002018000020CA
:101F90001A0000201E00002010B5FFF7C1FEFFF759
:101FA00077FE0120FFF7ACFB00F09AFA00F038F85A
:101FB00002480078FFF780FF10BD00001C000020E1
:101FC0002DE9F04104460D4616461F462A2000F032
:101FD000C1FA201200F0C2FAE0B200F0BFFAA11973
:101FE000491EC1F30F2000F0B9FAA119491EC8B269
:101FF00000F0B4FA2B2000F0ADFA281200F0AEFA8F
:10200000E8B200F0ABFAE919491EC1F30F2000F065
:10201000A5FAE919491EC8B200F0A0FABDE8F0819E
:1020200010B500F025FAFE4908800846008849F2FC
:10203000413188427ED1CF2000F08CFA002000F0A0
:102040008DFA812000F08AFA302000F087FAED2026
:1020500000F080FA642000F081FA032000F07EFA9C
:10206000122000F07BFA812000F078FAE82000F0DE
:1020700071FA852000F072FA102000F06FFA7820D3
:1020800000F06CFACB2000F065FA392000F066FA17
:102090002C2000F063FA002000F060FA342000F0F9
:1020A0005DFA062000F05AFAF72000F053FA2020DB
:1020B00000F054FAEA2000F04DFA002000F04EFA49
:1020C000002000F04BFAB12000F044FA002000F0AC
:1020D00045FA1B2000F042FAB62000F03BFA0A2035
:1020E00000F03CFAA22000F039FAC02000F032FAE9
:1020F000352000F033FAC12000F02CFA112000F056
:102100002DFAC52000F026FA452000F027FA4520D8
:1021100000F024FAC72000F01DFAA22000F01EFAF9
:10212000F22000F017FA002000F018FA262000F044
:1021300011FA00E096E0012000F010FAE02000F033
:1021400009FA0F2000F00AFA262000F007FA2420EE
:1021500000F004FA0B2000F001FA0E2000F0FEF966
:10216000092000F0FBF9542000F0F8F9A82000F055
:10217000F5F9462000F0F2F90C2000F0EFF91720F5
:1021800000F0ECF9092000F0E9F90F2000F0E6F981
:10219000072000F0E3F9002000F0E0F9E12000F072
:1021A000D9F9002000F0DAF9192000F0D7F91B2046
:1021B00000F0D4F9042000F0D1F9102000F0CEF99D
:1021C000072000F0CBF92A2000F0C8F9472000F0E2
:1021D000C5F9392000F0C2F9032000F0BFF906204C
:1021E00000F0BCF9062000F0B9F9302000F0B6F993
:1021F000382000F0B3F90F2000F0B0F9362000F0DD
:10220000A9F9C82000F0AAF92A2000F0A3F90020BB
:1022100000F0A4F9002000F0A1F9002000F09EF9E0
:10222000EF2000F09BF92B2000F094F9002000F043
:1022300095F9002000F092F9012000F08FF93F207D
:1022400000F08CF93A2000F085F9552000F086F96D
:10225000112000F07FF97348FFF77AFA292000F087
:1022600079F901E16E48008848F252518842F8D16C
:10227000CF2000F06FF9002000F070F9C12000F0CD
:102280006DF9302000F06AF9ED2000F063F9642068
:1022900000F064F9032000F061F9122000F05EF90B
:1022A000812000F05BF9E82000F054F9852000F06F
:1022B00055F9102000F052F9782000F04FF9CB20AA
:1022C00000F048F9392000F049F92C2000F046F9D7
:1022D000002000F043F9342000F040F9022000F023
:1022E0003DF9F72000F036F9202000F037F9EA2018
:1022F00000F030F9002000F031F9002000F02EF954
:10230000C02000F027F9212000F028F9C12000F0BA
:1023100021F9112000F022F9C52000F01BF92D2031
:1023200000F01CF9332000F019F9362000F012F902
:10233000002000F013F93A2000F00CF9552000F0CD
:102340000DF9B12000F006F9002000F007F9172080
:1023500000F004F9B62000F0FDF80A2000F0FEF8C5
:10236000A22000F0FBF8F62000F0F4F8012000F0C5
:10237000F5F8302000F0F2F8F22000F0EBF8002041
:1023800000F0ECF8262000F0E5F8012000F0E6F877
:10239000E02000F0DFF8D02000F0E0F8002000F0AE
:1023A000DDF8022000F0DAF8072000F0D7F80B2063
:1023B00000F0D4F81A2000F0D1F8312000F0CEF867
:1023C000542000F0CBF8402000F0C8F8292000F09D
:1023D000C5F8122000F0C2F8122000F0BFF8122059
:1023E00000F0BCF8172000F0B9F8E12000F0B2F8D6
:1023F000D02000F0B3F8002000F0B0F8022000F088
:10240000ADF8072000F0AAF8052000F0A7F8252075
:1024100000F0A4F82D2000F0A1F8442004E0000012
:102420001E000020FCBF020000F098F8452000F0DC
:1024300095F81C2000F092F8182000F08FF8162074
:1024400000F08CF81C2000F089F81D2000F086F8C0
:10245000112000F07FF80548FFF77AF9292000F0F5
:1024600079F82C2000F076F810BD0000FCBF0200C7
:1024700010B50024042000F06DF800F02BF800F0F7
:1024800029F800F027F804464FF6FF7000EA04240C
:1024900000F020F8044348F25250844201D1204613
:1024A00010BDD32000F056F800F014F800F012F838
:1024B00000F010F804464FF6FF7000EA042400F024
:1024C00009F8044349F24130844201D12046E7E74C
:1024D0000020E5E701480088704700000000026026
:1024E00010B502210748FFF7DAF840F6FF20FFF7A2
:1024F0002FF902210348FFF7D4F840F6FF20FFF739
:1025000027F910BD0018014070B504460D4601239F
:102510001A4629462046FFF753FD70BD70B50546A3
:102520000C460948008885420CDA08480088844235
:1025300008DA21462846FFF7E7FF05480188012011
:10254000FFF7DDFB70BD0000180000201A0000201E
:10255000240000204FF0C0410880704701490880E6
:1025600070470000000002602DE9F04F8BB0054677
:102570000E4691469A46DDF850B00027B846002036
:102580000A90099008900790069005900024049006
:10259000039002900190A9EB0500002802DDA9EB51
:1025A000050001E0A5EB090007B2AAEB0600002830
:1025B00002DDAAEB060001E0A6EB0A000FFA80F8A4
:1025C00028B20A9030B20990A94503DB0120089097
:1025D000079003E04FF0FF3008900790B24503DB0F
:1025E00001200690059003E04FF0FF300690059023
:1025F00047450DDB0020089005903C46384607EB28
:10260000D071491009B20491CDF80C8002970CE00A
:102610000020079006904446404608EBD0714910D0
:1026200009B204910397CDF808800020019041E0A1
:102630000A9858442349098888420DDC0A98B0EB6F
:102640000B0009D4099858441F490988884203DCC3
:102650000998B0EB0B0000D528E0099A91B20A9ACC
:1026600090B201235A46FFF7CDF9DDE90310084483
:1026700000B204900498A0420DDB0498001B00B245
:10268000049008990A98084400B20A90069909989B
:10269000084400B2099007990A98084400B20A90C9
:1026A00005990998084400B2099000BF0198401CA0
:1026B00000B20190DDE901018842B9DD0BB0BDE84F
:1026C000F08F0000180000201A0000200148006868
:1026D000704700002000002001490880704700007A
:1026E00026000020024A1080024A11807047000034
:1026F00024000020260000200149086070470000E7
:1027000020000020014908807047000024000020BC
:1027100008B50121082000F077F82020ADF800006E
:1027200010208DF8030003208DF8020069460F4841
:10273000FEF721FF0120ADF8000069460B48FEF7C7
:102740001AFF0220ADF8000069460848FEF713FFA3
:1027500020210648FEF7A5FF01210448FEF7A1FF4E
:1027600002210248FEF79DFF08BD0000000C014059
:1027700000BFFEE77047000070B505462846FFF72A
:102780009BFB4FF6FF70FFF7A7FF12480388124824
:10279000028800210846FEF7C5FF00F0FBFB00247D
:1027A0000CE004EB44020D4B03EBC20004EB4402CB
:1027B00003EBC20211698847601CC4B2102CF0DB25
:1027C0000020074908600871098888B2FFF79AFF5E
:1027D00070BD00001A000020180000202401002015
:1027E000140100207047000029B1064A52690243D3
:1027F000044B5A6104E0034A52698243014B5A6117
:10280000704700000010024029B1064A9269024355
:10281000044B9A6104E0034A92698243014B9A6136
:10282000704700000010024030B500210022002453
:1028300000232D4D6D6805F00C0121B1042905D050
:10284000082923D105E0294D056022E0274D0560C8
:102850001FE0254D6D6805F47012234D6D6805F479
:102860008034022505EB92421CB9214D5543056089
:102870000BE01D4D6D6805F400351DB11C4D554331
:10288000056002E0194D5543056002E0174D0560F3
:1028900000BF00BF144D6D6805F0F0010909154D2A
:1028A0006B5C0568DD4045600F4D6D6805F4E061C7
:1028B000090A104D6B5C4568DD4085600A4D6D6806
:1028C00005F46051C90A0B4D6B5C4568DD40C5607D
:1028D000054D6D6805F44041890B074D6B5CC5687B
:1028E000B5FBF3F5056130BD0010024000127A001F
:1028F00000093D00000000201000002021B10288E6
:1029000042F04002028004E002884FF6BF731A4092
:102910000280704770B505460C46164601211048E6
:10292000FEF7BDFE032000F07FF9C4F3074000F07E
:102930007BF9C4F3072000F077F9E0B200F074F9F6
:1029400004E0FF2000F070F928706D1C301EA6F125
:1029500001018EB2F5D101210148FEF7A2FE70BD42
:10296000001001402DE9F05F07460E4614464FF077
:102970000008C146C2460025AB4606F0FF0ACAF170
:102980000000C5B22046E11704EB1161C1F307282E
:10299000E11704EB11610912A4EB012101F0FF0919
:1029A000BAF1000F20D1B8F1000F05D1224631460F
:1029B000384600F0C9F864E009E04FF4807231460F
:1029C000384600F0C1F806F5807607F58077B8F153
:1029D0000000A8F1010101F0FF08EED14A4631469E
:1029E000384600F0B1F84CE0B8F1000F18D1A94515
:1029F00010DDA9EB050000F0FF0B2A4631463846F2
:102A000000F0A2F82E442F445A463146384600F0D2
:102A10009BF836E022463146384600F095F830E023
:102A2000601B84B22046E11704EB1161C1F3072853
:102A3000E11704EB11610912A4EB012101F0FF0978
:102A40002A463146384600F07FF82E442F4409E0EC
:102A50004FF480723146384600F076F806F58076FD
:102A600007F58077B8F10000A8F1010101F0FF0837
:102A7000EED1B9F1000F04D04A463146384600F095
:102A800063F8BDE8F09F000000B587B0012108039E
:102A9000FFF7BAFE0121D420FFF7B6FE0120ADF802
:102AA000040003208DF8060010208DF8070001A90E
:102AB0002248FEF760FD2020ADF8040018208DF8B4
:102AC000070001A91E48FEF756FD4020ADF804009E
:102AD00001A91B48FEF74FFD8020ADF8040001A9B5
:102AE0001748FEF748FD01211448FEF7DAFD0020E3
:102AF000ADF808004FF48270ADF80A000020ADF880
:102B00000C000220ADF80E000120ADF810004002CC
:102B1000ADF812000820ADF814000020ADF8160042
:102B20000720ADF8180002A9064800F0F1F80121CD
:102B30000448FFF7E3FE07B000BD000000100140AD
:102B4000000801400030014070B505460C461646AD
:102B500000F0C0F801211548FEF7A1FD022000F0A9
:102B600063F8C4F3074000F05FF8C4F3072000F0F7
:102B70005BF8E0B200F058F8B6F5807F04DD4FF462
:102B800080760BA001F0D8FA03E0287800F04CF82A
:102B90006D1C301EA6F101018EB2F6D10121034851
:102BA000FEF77FFD00F07CF870BD000000100140D2
:102BB0003C3C2D464C4153482D4552524F522D3EE0
:102BC0003E205350495F464C4153485F5061676512
:102BD000577269746520746F6F206C61726765212C
:102BE0000A00000010B5044600F074F800F058F830
:102BF00001210C48FEF753FD202000F015F8C4F326
:102C0000074000F011F8C4F3072000F00DF8E0B21F
:102C100000F00AF801210348FEF743FD00F040F8F8
:102C200010BD00000010014010B504464FF4805064
:102C3000194908600AE018490868411E164A1160DF
:102C400020B9002000F082F8C0B210BD0221134864
:102C500000F050F80028EED02146104800F056F859
:102C60004FF480500C4908600AE00B490868411E87
:102C7000094A116020B9012000F068F8C0B2E4E709
:102C80000121064800F036F80028EED0034800F095
:102C90003AF8C0B2D9E7000014000020003001402B
:102CA00010B5002401210A48FEF7F9FC0520FFF7C2
:102CB000BBFF00BFFF20FFF7B7FF044604F0010091
:102CC0000028F7D101210248FEF7EBFC10BD0000FF
:102CD0000010014010B501210548FEF7E0FC062078
:102CE000FFF7A2FF01210248FEF7DBFC10BD000048
:102CF000001001400246002013890B400BB1012057
:102D000000E0002070470146888970478181704744
:102D100010B50022028802F441520B884C882343EC
:102D20008C882343CC8823430C8923434C89234339
:102D30008C892343CC8923431A430280838B4FF22F
:102D4000FF74234083830B8A038210BD10B50446B1
:102D5000214602A001F0F0F9002010BD3C3C2D46B8
:102D60004C4153482D4552524F522D3E3E20535018
:102D70004920B5C8B4FDB3ACCAB1216572726F7297
:102D8000436F6465203D2025640A0000704710B53C
:102D900000F002F810BD00000CB50020019000907A
:102DA0003348006840F480303149086000BF304843
:102DB000006800F4003000900198401C01900098D9
:102DC00018B90198B0F5A06FF1D12948006800F456
:102DD000003010B10120009001E000200090009828
:102DE000012843D12348006840F0100021490860C1
:102DF0000846006820F0030008600846006840F0BC
:102E0000020008601A48406819494860084640684E
:102E100048600846406840F4806048600846406862
:102E200020F47C1048600846406840F4E810486090
:102E30000846006840F08070086000BF0C480068D9
:102E400000F000700028F9D00948406820F0030025
:102E5000074948600846406840F00200486000BFEB
:102E60000348406800F00C000828F9D10CBD0000B0
:102E700000100240002002407047000010B51348C7
:102E8000006840F001001149086008464068104998
:102E900008400E494860084600680E4908400B4942
:102EA00008600846006820F48020086008464068F2
:102EB00020F4FE0048604FF41F008860FFF767FFB2
:102EC0004FF000600449086010BD0000001002408F
:102ED0000000FFF8FFFFF6FE08ED00E070B50546C4
:102EE0000E46002450E004EB4400294901EBC000E9
:102EF0008088A8422CDB04EB440001EBC000C088B2
:102F0000B04225DB04EB440001EBC0004088B04236
:102F10001EDC04EB440031F83000A84218DC04EB5E
:102F2000440001EBC000007B60BB012004EB4401C6
:102F3000174A02EBC101087304EB4402144B03EB84
:102F4000C20004EB440203EBC2021169884719E096
:102F500004EB44000E4901EBC000007B012811D1B5
:102F6000002004EB44010A4A02EBC101087304EBA0
:102F70004402074B03EBC20004EB440203EBC20222
:102F800011698847601CC4B2102CACDB70BD000016
:102F9000240100200020C44908804880282088801F
:102FA0001C20C880002088600873C0480861C048A1
:102FB0004861002008831C21BB484183282181836C
:102FC0003821C18346F20C310162002180F82410BF
:102FD000B6498162B649C1620020B34908863821EA
:102FE000B1484186282181865421C1861F218163F1
:102FF000002180F83C10AD490164AD4941640020D6
:10300000A949A1F848005421A748A0F84A1028214E
:10301000A0F84C107021A0F84E1040F2FF7101652D
:10302000002180F85410A1498165A149C1650020A3
:103030009D49A1F8600070219B48A0F862102821EA
:10304000A0F864108C21A0F866104FF478418166D6
:10305000002180F86C10954901679549416700206F
:103060009149A1F878008C218F48A0F87A10282186
:10307000A0F87C10A821A0F87E104FF61F01C0F820
:103080008010002180F884108849C0F88810884991
:10309000C0F88C1000208449A1F89000A821824833
:1030A000A0F892102821A0F89410C421A0F896103E
:1030B0004FF4FC61C0F89810002180F89C107B4907
:1030C000C0F8A0107A49C0F8A41000207649A1F8F1
:1030D000A800C4217448A0F8AA102821A0F8AC10B8
:1030E000744801887048A0F8AE104CF21861C0F81E
:1030F000B010002180F8B4106F49C0F8B8106F49C3
:10310000C0F8BC1028206849A1F8C000002166481A
:10311000A0F8C2105021A0F8C4101C21A0F8C610BD
:103120000021C0F8C81080F8CC106549C0F8D01054
:103130006449C0F8D41028205B49A1F8D8001C21AC
:103140005948A0F8DA105021A0F8DC103821A0F876
:10315000DE100121C0F8E010002180F8E410584989
:10316000C0F8E8105749C0F8EC1028204E49A1F8E3
:10317000F00038214C48A0F8F2105021A0F8F410CB
:103180005421A0F8F6100221C0F8F810002180F8B0
:10319000FC104B49C0F800114A49C0F8041128201E
:1031A0004149A1F8080154213F48A0F80A115021D3
:1031B000A0F80C117021A0F80E110321C0F8101115
:1031C000002180F814113E49C0F818113D49C0F89B
:1031D0001C1128203449A1F8200170213248A0F8A0
:1031E00022115021A0F824118C21A0F826110421CD
:1031F000C0F82811002180F82C113149C0F8301195
:103200003049C0F8341128202749A1F838018C2111
:103210002548A0F83A115021A0F83C11A821A0F8A7
:103220003E110521C0F84011002180F844112449C5
:10323000C0F848112349C0F84C1128201A49A1F8B8
:103240005001A8211848A0F852115021A0F854119B
:10325000C421A0F856110621C0F85811002180F8A9
:103260005C111749C0F860111649C0F86411282094
:103270000D49A1F86801C4210B48A0F86A1150213A
:10328000A0F86C110B4801880748A0F86E110021C6
:10329000C0F8701180F874110B49C0F878110B490F
:1032A000C0F87C117047000024010020F10C0008D8
:1032B000A10800081A000020E10B00083D080008E2
:1032C000510E000881080008750D000875080008F7
:1032D00070B505460E4600243BE004EB44001F4950
:1032E00001EBC0008088A84231DD04EB440031F8D6
:1032F0003000A8422BDA04EB440001EBC000C08888
:10330000B04224DD04EB440001EBC0004088B04231
:103310001DDA002004EB4401104A02EBC1010873DE
:1033200004EB44020D4B03EBC20004EB440203EB3D
:10333000C2021169884704EB4402084B03EBC20048
:1033400004EB440203EBC2025169884703E0601CAE
:10335000C4B2102CC1DB00BF70BD000024010020EE
:1033600021B1828942F40052828104E082894DF6C3
:10337000FF731A408281704700B585B00121042097
:10338000FFF742FA01218803FFF73EFA4FF400707D
:10339000ADF8100018208DF8130003208DF81200EE
:1033A00004A91348FEF7E7F84FF48060ADF8100069
:1033B00004208DF8130004A90D48FEF7DCF84FF443
:1033C000E13000900020ADF80400ADF80600ADF843
:1033D0000800ADF80C000C20ADF80A00694605485D
:1033E00000F018F801210348FFF7BAFF05B000BD4F
:1033F000000801400038014002460020B1F5007F7E
:1034000000D100BF13880B400BB1012000E0002069
:10341000704700002DE9F04786B005460E460024AF
:10342000A24600BFA1460027B08900B100BF2F46C9
:103430002C8A4CF6FF700440F08804432C82AC893F
:103440004EF6F3100440B08831890843718908436F
:103450000443AC81AC8A4FF6FF400440B08904437A
:10346000AC8201A8FFF7E0F91F48874202D1DDF8DE
:1034700010A001E0DDF80CA0A88900F4004040B1E4
:103480000AEBCA0000EB0A1031684900B0FBF1F802
:1034900007E00AEBCA0000EB0A1031688900B0FBB4
:1034A000F1F86420B8FBF0F004012009642101FB6D
:1034B0001089A88900F4004040B1322000EBC90017
:1034C000B0FBF1F000F00700044308E0322000EB0D
:1034D00009106421B0FBF1F000F00F0004432C81CF
:1034E00006B0BDE8F087000000380140C1F30802D3
:1034F0008280704700BFFEE72DE9F04105460C468B
:1035000016460127B4F90010B4F91020891AB4F94D
:103510000A30B4F912209A1A5143B4F90820B4F9C8
:103520001030D31AB4F902C0B4F91220ACEB020285
:1035300003FB1210FCF7EEFFB0610021B069FDF74C
:103540004FF801D10027C3E0B5F90010B5F91020FC
:10355000891AB4F90A30B4F912209A1A5143B5F90C
:103560000820B5F91030D31AB4F902C0B4F912200A
:10357000ACEB020203FB1210FCF7CCFF3060B4F995
:103580000010B4F91020891AB5F90820B5F91030E7
:10359000D21A5143B5F90020D21AB4F90830B4F95F
:1035A00010C0A3EB0C0302FB1310FCF7B3FF706019
:1035B000B4F91010B5F908205143B4F90820B5F951
:1035C000103002FB1311B4F902205143B4F900206A
:1035D0005A43B4F91030B5F900C003FB1C23B4F909
:1035E0000A2003FB0212B4F9081001FB0CF1B4F934
:1035F0000030B5F908C003FB1C13B4F9121003FB2B
:103600000120FCF787FFB060B5F90220B5F9121070
:10361000511AB4F90A30B4F912209A1A5143B5F983
:103620000A30B5F912209B1AB4F902C0B4F912207D
:10363000ACEB020203FB1210FCF76CFFF060B4F974
:103640000010B4F91020891AB5F90A30B5F9122022
:103650009A1A5143B5F90230B5F912209A1AB4F901
:103660000830B4F910C0A3EB0C0302FB1310FCF7F5
:1036700051FF3061B4F91010B5F90A205143B4F983
:103680000830B5F9122003FB1211B4F9022051439E
:10369000B4F90020B5F912305A43B4F91030B5F935
:1036A00002C003FB1C23B4F90A2003FB0213B4F984
:1036B000081001FB0CF1B4F900C0B5F90A200CFBAD
:1036C0001212B4F9121002FB0130FCF723FF7061F3
:1036D0003846BDE8F08101B5002007E00C2100BFAD
:1036E0000A1EA1F10103D9B2FAD1401C0099884207
:1036F000F4D308BD2DE9FC5F05460C46012668465B
:1037000000F0BEF8002865D0BDF90200FCF702FF0A
:1037100083463248007800EB400004EBC00041686B
:103720005846FCF7A6FD8146BDF90000FCF7F2FE05
:1037300083462A48007800EB400054F83010584681
:10374000FCF797FD82464946FCF73BFD804623483F
:10375000007800EB400004EBC00081684046FCF7B5
:1037600030FD0746FCF7DFFE00B22880BDF90200FD
:10377000FCF7D0FE83461948007800EB400004EBCC
:10378000C00001695846FCF774FD8146BDF9000090
:10379000FCF7C0FE83461148007800EB400004EBC4
:1037A000C000C1685846FCF764FD82464946FCF7F4
:1037B00008FD80460948007800EB400004EBC0009B
:1037C00041694046FCF7FDFC0746FCF7ACFE00B241
:1037D000688000E000263046BDE8FC9F1C00002009
:1037E00008B501216020FFF70FF80120ADF80000B7
:1037F0008DF8020010208DF8030069461A48FDF785
:10380000BAFE0420ADF8000069461748FDF7B3FE84
:103810000820ADF8000001208DF8020048208DF846
:10382000030069461048FDF7A6FE4FF40050ADF8BE
:10383000000001208DF8020010208DF80300694679
:103840000A48FDF798FE4FF400510848FDF727FF9E
:103850001020ADF8000048208DF8030069460248AA
:10386000FDF789FE08BD000000180140001401406A
:1038700010B50446204600F02DFC00F0C1F810BD44
:103880002DE9F0478CB00646002528216846FCF754
:1038900086FC00BF0AA90BA800F09EF8BDF92C0019
:1038A0002DF81500BDF9281005A820F81510681C82
:1038B000C5B210214648FDF7E9FE08B90A2DE9DB3B
:1038C00010214348FDF7E2FE10B100204149087085
:1038D0000A2D7BD1BDF90070B846BDF91490CA46D7
:1038E00001240EE03DF91400B84202DA3DF91470EB
:1038F00005E03DF91400404501DD3DF91480601CF0
:10390000C4B20A2CEEDB012412E005A830F9140041
:10391000484503DA05A830F9149007E005A830F906
:103920001400504502DD05A830F914A0601CC4B293
:103930000A2CEADBBDF90000BDF902100844BDF90C
:1039400004100844BDF906100844BDF908100844E5
:10395000BDF90A100844BDF90C100844BDF90E1059
:103960000844BDF910100844BDF912100844C01BEA
:10397000A0EB0800C01000B23080BDF91410BDF9F2
:1039800016000144BDF918000144BDF91A000144B4
:10399000BDF91C000144BDF91E000144BDF9200021
:1039A0000144BDF922000144BDF924000144BDF9E0
:1039B00026000844A0EB0900A0EB0A00C01000B2EA
:1039C000708001200CB0BDE8F087FFE70020F9E728
:1039D00000180140E80000202DE9F04104460D46A2
:1039E0009020FFF745FF06B20120FFF774FED020BC
:1039F000FFF73EFF07B226802F80BDE8F081000070
:103A000070B5002504211148FDF749FE01210F483A
:103A1000FDF747FE002414E001210C48FDF73FFEAE
:103A200008210A48FDF732FE0646C4F10B0006FAEB
:103A300000F0284385B201210448FDF732FE601CE6
:103A4000C4B20C2CE8DB284670BD00000018014011
:103A500010B500242748007820B1012811D0022891
:103A60003FD12FE010212448FDF710FE20B901209E
:103A700020490870002403E000201E49087000243B
:103A800034E010211C48FDF701FEA0B91B48006876
:103A9000401C1A49086008460068022806D9002020
:103AA000086002201349087001240AE0012011492E
:103AB0000870002405E00020104908600D490870D6
:103AC000002413E010210C48FDF7E0FD20B902208E
:103AD00008490870012403E000200649087000240A
:103AE00004E0002003490870002400BF00BF204606
:103AF00010BD0000E900002000180140EC0000208B
:103B000038B50446B4F90400401C20B9B4F90400E7
:103B1000401C00B938BD628891B2228890B2FFF78C
:103B2000DDF907480090B4F90230B4F90020B4F987
:103B30000610B4F90400FDF7ADFB00BFEAE7000092
:103B40001401002010B5FFF783FF012819D12020B0
:103B5000154908600120091D08600220091F08603E
:103B600012491348FFF7C6FD00BF00BF1048FFF71A
:103B7000C7FF0F4800880E49888008464088C880E3
:103B800011E0202008490860012008600220091D7A
:103B90000860074800F00EF84FF0FF300449088035
:103BA00048808880C88010BD100C0140280000208B
:103BB000F000002010B50446B4F90400401C20B900
:103BC000B4F90400401C00B910BDE28891B2A2888B
:103BD00090B2FFF77DFBFCF7C7FE00BFF4E70000E3
:103BE0002DE9F04FB9B004464FF00009CA46002055
:103BF0001E901D900026FE48FEF77EFD00211F202E
:103C0000FEF770FD2046FEF757F9FA48008880104D
:103C1000ADF85400F84800888010ADF85600BDF8A3
:103C20005400ADF85C00F448008800EB40008010C0
:103C300001B215A84181EF48008800EB40008010D8
:103C400000B2ADF8640015A841894182BDF8640056
:103C5000ADF86C00BDF8561015A84183002558E05A
:103C6000E5480388E348028800210846FDF75AFD2D
:103C7000E2A6FEF72BFD8088DE49098891FBF0F86B
:103C80003046FCF797FAA8EB0000470820233A4695
:103C9000E0A11FA8009600F05FFAD74909884810F4
:103CA0001FA9FDF7EDFDFEF711FD8088D1490988B8
:103CB00091FBF0F0471E681C009007EBD770421094
:103CC0002023D6A11FA800F047FAFEF7FFFCC0880A
:103CD000C9490988C0EB610087B21FA93846FDF7C2
:103CE000CFFDD048FFF7F7FC15AA02EBC5025288BA
:103CF00091B215AA32F8352090B2FDF71FFF00BF30
:103D00000DA901EBC500FFF7BBFD0028F8D0681C2A
:103D1000C5B2042DA4DB06AA0DA915A8FFF7ECFB7C
:103D200000210C98FCF75CFC00D143E1BDF94E008A
:103D3000FCF7F0FB03900799FCF79BFA8346BDF96B
:103D40004C00FCF7E7FB03900699FCF792FA594602
:103D50000490FCF736FA80460899FCF732FA059091
:103D60000C99FCF7B8FA0746FCF7F6FB1FFA80F946
:103D7000BDF94E00FCF7CEFB03900A99FCF779FAE7
:103D80000590BDF94C00FCF7C5FB03900999FCF7C1
:103D900070FA04900599FCF714FA83460B99FCF726
:103DA00010FA80460C99FCF796FA0746FCF7D4FB0C
:103DB0001FFA80FABDF96C00484504DABDF96C00C1
:103DC000A9EB000003E0BDF96C00A0EB090080B294
:103DD0001E90BDF96E00504504DABDF96E00AAEBE5
:103DE000000003E0BDF96E00A0EB0A0080B21D9058
:103DF0001E980F2802DC1D980F2800DDDAE00C98D1
:103E0000FCF7BEFBCDE902010698FCF7B9FB0746BB
:103E10000022854BFCF79DFACDE90001DDE9022384
:103E2000FCF709FBCDE90401FCF7BDFB04EB440101
:103E30007E4A42F831000C98FCF7A2FBCDE9020162
:103E40000798FCF79DFB07460022774BFCF781FAA9
:103E5000CDE90001DDE90223FCF7EDFACDE904012B
:103E6000FCF7A1FB04EB4401704A02EBC10148607E
:103E70000C98FCF785FBCDE902010898FCF780FB64
:103E800007460022684BFCF764FACDE90001DDE942
:103E90000223FCF7D0FACDE90401FCF784FB04EB24
:103EA0004401624A02EBC10188600C98FCF768FB90
:103EB000CDE904010998FCF763FB00225A4BCDE9D8
:103EC0000001FCF746FACDE90201DDE90423FCF725
:103ED000B2FA0746FCF767FB04EB4401534A02EBD6
:103EE000C101C8600C98FCF74BFBCDE904010A98AE
:103EF000FCF746FB00224C4BCDE90001FCF729FA08
:103F0000CDE90201DDE90423FCF795FA0746FCF749
:103F10004AFB04EB4401454A02EBC10108610C98DD
:103F2000FCF72EFBCDE902010B98FCF729FB0022E0
:103F30003D4BCDE90001FCF70CFA0746DDE9022311
:103F4000FCF779FACDE90401FCF72DFB04EB440101
:103F5000364A02EBC1014861274803882548028898
:103F600000210846FDF7DEFB4FF4FC60FEF7CAFBBC
:103F70002FA6FEF7ABFB80881E49098891FBF0F85D
:103F80003046FCF717F9A8EB0000470820233A4613
:103F900020A11FA8009600F0DFF8174909884810F3
:103FA0001FA9FDF76DFC2748FFF795FB012039B0ED
:103FB000BDE8F08F104803880E48028800210846AB
:103FC000FDF7B0FB4FF47840FEF79CFB1EA6FEF712
:103FD0007DFB80880749098891FBF0F83046FCF7A3
:103FE000E9F8A8EB0000470820233A4609A133E08E
:103FF000F8000020180000201A000020546F75639C
:10400000682043616C696272617465202E2E2E2EC9
:104010002E2E0000252A632573000000252A632523
:1040200064000000E09304000000F03F280000203E
:1040300043616C6962726174652053756363656482
:104040000000000040420F0043616C6962726174BD
:1040500065206661696C00001FA8009600F07CF87E
:104060001649098848101FA9FDF70AFC14A6FEF797
:104070002DFB80881549098891FBF0F83046FCF744
:1040800099F8A8EB0000470820233A46AFF27C01DC
:104090001FA8009600F060F8FEF718FBC0880749DB
:1040A000098800EB610087B21FA93846FDF7E8FBDD
:1040B0000748FFF710FB002079E700001A000020F6
:1040C00074727920616761696E0000001800002039
:1040D00040420F0070B5054604211648FDF7DFFA8F
:1040E00001211448FDF7DBFA00241FE0C4F10700AA
:1040F00045FA00F000F0010020B104210D48FDF761
:10410000D0FA03E004210B48FDF7C9FA0520FFF7B8
:10411000E2FA01210748FDF7C4FA0520FFF7DBFAB0
:1041200001210448FDF7BBFA601CC4B2082CDDDB9A
:1041300070BD0000001801400FB4054B10B503A975
:10414000044A029800F02CF810BC5DF814FB000043
:10415000F5480008200100200FB4084B10B504A951
:1041600002AA039800F01CF8044602A9002000F0FF
:10417000B8F9204610BC5DF814FB0000E3440008C9
:1041800002E008C8121F08C1002AFAD17047704720
:10419000002001E001C1121F002AFBD1704700007E
:1041A0002DE9FF4F8BB088460546002606E02528FE
:1041B0000BD0DDE90D1290476D1C761C2878002885
:1041C000F5D10FB03046BDE8F08F0024A146A246DD
:1041D0000122AE4900E0044315F8013F203B02FAFA
:1041E00003F00842F7D128782A2810D06FF02F0268
:1041F0002878A0F13001092915D809EB890102EBD3
:10420000410144F0020400EB01096D1CF0E758F88D
:10421000041B5FEA010903D544F40054C9F1000905
:1042200044F002046D1C28782E2817D115F8010FD0
:1042300044F004042A280ED06FF02F022878A0F151
:10424000300109290AD80AEB8A0102EB410100EB8F
:10425000010A6D1CF2E758F804AB6D1C28786C2835
:104260000FD006DC4C2817D068280DD06A2814D14E
:1042700004E0742810D07A280FD10DE044F4001423
:104280000AE044F4801401E044F440146978814267
:1042900002D104F580146D1C6D1C2878692865D046
:1042A00006DC00288DD0632827D0642806D15DE085
:1042B0006E2808D073282AD0752877D0DDE90D1232
:1042C0009047761CE0E0C4F30250022809D003288E
:1042D0000DD0D8F8001004280DD00E6008F10408A5
:1042E000D2E0D8F80010F217C1E90062F6E7D8F87A
:1042F00000100E80F2E70E70F0E718F8041B8DF83E
:10430000001000208DF80100EB46012003E058F872
:1043100004BB4FF0FF3061074FF0000701D40AE003
:104320007F1C57450DDA8742FADB1BF8071000297E
:10433000F6D106E07F1C8742FCDB1BF80710002942
:10434000F8D1DDE90D23A9EB07008146214600F0F5
:10435000B1F83044C61904E0DDE90D121BF8010B79
:1043600090477F1EF8D22146484688E058F8040B53
:10437000C4F302514FF00A0B032900D100B2042903
:1043800000D140B2002802DA40422D2102E021058E
:1043900005D52B218DF82410012104E006E0E1076A
:1043A00010D02021F6E708AF089113E058F8040B6D
:1043B000C4F302514FF00A0B032900D180B2042943
:1043C00000D1C0B20021EEE75946FCF713F93031B5
:1043D00007F8011D0028F7D1ADEB070000F1200B15
:1043E000600702D524F4803401E04FF0010ADA4579
:1043F00002DDAAEB0B0000E00020824600EB0B017F
:1044000008980144A9EB01000A90E00306D4DDE915
:104410000D2321460A9800F04DF806444FF000099C
:1044200008E009A911F80900DDE90D12904709F12A
:104430000109761C08998945F3DBE0030CD5DDE919
:104440000D2321460A9800F035F8064404E0DDE922
:104450000D1230209047761CBAF10001AAF1010A32
:10446000F5DC05E0DDE90D1217F8010B9047761C2D
:10447000BBF10001ABF1010BF4DC0A982146DDE948
:104480000D2300F005F806446D1C97E6092801008D
:104490002DE9F041044600251E461746880404D441
:1044A00005E039462020B0476D1C641EF9D528462A
:1044B000BDE8F0812DE9F041044600251E469046F6
:1044C000C80301D5302700E02027880404D505E083
:1044D00041463846B0476D1C641EF9D52846BDE8F4
:1044E000F0810A68531C0B601070704702468A42C4
:1044F00002DD501A80B27047881A80B2FBE77CB5A3
:1045000005460C4605B10CB901207CBD284600F0DB
:10451000D7FB00F067FC204600F018FD6A4601A9B1
:10452000204600F026F99DF8040084F828009DF844
:10453000002054F822109DF8042054F8220000F0C6
:104540006FF860850020E0E72DE9FF4F83B00C464F
:1045500015461E46109FB44202DA301B00B201E03D
:10456000A01B00B28146B44201DA012001E04FF005
:10457000FF300290BD4202DAE81B00B201E0781B76
:1045800000B28246BD4201DA012001E04FF0FF3067
:10459000019009EB0A000FFA80F821E0FF232A4678
:1045A0002146039800F018FDB44202D1BD4200D16B
:1045B00017E04FEA48000FFA80FBD34506DB08EB13
:1045C0000A000FFA80F80298204404B2CB4506DCBA
:1045D00008EB09000FFA80F80198284405B200BFE3
:1045E000DCE700BF07B0BDE8F08F70B502460C46AF
:1045F000111B002A01DB104600E05042054600294D
:1046000001DC002070BD012D00DA01256420484343
:104610006E1890FBF6F3642B00D9642398B2F1E78F
:1046200070B502460C46111B002A01DB104600E063
:1046300050420546002901DC002070BD012D00DA42
:104640000125642048436E1890FBF6F3642B00D9D3
:10465000642398B2F1E770B502460C46111B002A9C
:1046600001DB104600E050420546002901DC002035
:1046700070BD012D00DA0125642048436E1890FBBF
:10468000F6F3642B00D9642398B2F1E770B50246C3
:10469000002402B109B9012070BD4FF6FF700880F7
:1046A000888000204880C880002322E003EB430577
:1046B00002EB8500057905B919E005880E88B54239
:1046C00001DA05880D8005884E88B54201DD058830
:1046D0004D8045888E88B54201DA45888D804588B1
:1046E000CE88B54201DD4588CD80012400BF581C2D
:1046F00083B2B2F8000C9842D8DC0CB90220CBE7A8
:1047000048880D88401B042804D3C8888D88401B26
:10471000042801D20220BFE70020BDE730B5002405
:104720000C7001241470147850F824400D7850F85F
:104730002550AC4203DD01240C70002414700223C8
:1047400014E050F823400D7850F82550AC4203DDBA
:104750000C7814700B7007E050F82340157850F86F
:104760002550AC4200DD13705C1CE3B20A2BE8D389
:1047700030BD30B500240C7001241470147850F84A
:1047800024400D7850F82550AC4203DD01240C7014
:1047900000241470022314E050F823400D7850F8E0
:1047A0002550AC4203DD0C7814700B7007E050F814
:1047B0002340157850F82550AC4200DD13705C1C86
:1047C000E3B20A2BE8D330BD30B500240C700124CD
:1047D0001470147850F824400D7850F82550AC42ED
:1047E00003DD01240C7000241470022314E050F83F
:1047F00023400D7850F82550AC4203DD0C7814703E
:104800000B7007E050F82340157850F82550AC4263
:1048100000DD13705C1CE3B20A2BE8D330BD00004E
:104820002DE9FC4180460D46B8F1000F00D015B9C6
:104830000120BDE8FC8100241FE0294951F8240033
:1048400000270DE004EB041101EB4411254A02EBB3
:104850000111C95718F8072001FB0200791C8FB21B
:10486000B7F5447FEED3002801DD014600E00021CA
:104870001D4A42F82410601C84B2402CDDD300266F
:1048800016E01A4951F8260000240BE0184901EB04
:1048900086110957144A52F82420121201FB020013
:1048A000611C8CB2402CF1D345F82600701C86B2F6
:1048B0000A2EE6D36A4601A92846FFF72FFF9DF886
:1048C000040085F828009DF8002055F822109DF876
:1048D000042055F82200FFF788FE68850020A8E72D
:1048E000E44F0108E48B0008B8110020645301086C
:1048F000E450010870B504460D46E1B20548FEF7E4
:10490000F5FD00BF80210348FEF776FD0028F9D0B1
:10491000204670BD00380140FDF73EFBFEF760FF0A
:1049200000210320FBF744FFFEF726FDFDF7F0FE14
:1049300009A0FFF701FC1448FFF7FEFB0320FDF779
:10494000BBFA12480078FDF717FFFCF727F801E0E3
:10495000FFF7F8F8FCE700000D0A202A2A2A2A2A85
:104960002A2A2A2A2A20E8A7A6E691B8E794BBE6D5
:104970009DBFE7A88BE5BA8F202A2A2A2A2A2A2A4D
:104980002A2A2A2A200D0A00408301081C00002040
:104990002DE9F04F044617469C46B1F802A0B1F845
:1049A00000B0AAEB0B0A0AF10102B1F806A0B1F8B7
:1049B00004B0AAEB0B0A0AF101039A4201D992460C
:1049C00000E09A465046B4F800A0B1F800B0AAEB57
:1049D0000B0A0AEB8A0A4FEA8A0ABAFBF0F8B4F823
:1049E00002A0B1F804B0AAEB0B0A0AEB8A0A4FEA5C
:1049F0008A0ABAFBF0F904250426824209D202EBA6
:104A0000820A4FEA8A0ABAFBF0FACAF1140A05EBE5
:104A10005A05834209D203EB830A4FEA8A0ABAFB9A
:104A2000F0FACAF1140A06EB5A0605EB080A0FFA67
:104A30008AFAA7F800A006EB090A0FFA8AFAACF87E
:104A400000A0BDE8F08F00002DE9FC4107460C46B0
:104A500007B114B90120BDE8FC81002518E0184910
:104A600051F8250000260CE005EB051101EB45117E
:104A7000144A02EB01118957BA5D01FB0200711C57
:104A80008EB2B6F5447FEFD344F82500681C85B29A
:104A90000A2DE4D36A4601A92046FFF795FE9DF84A
:104AA000040084F828009DF8002054F822109DF896
:104AB000042054F82200FFF7CEFD60850020CAE7ED
:104AC000188301087864010870B504460D4604B1E6
:104AD0000DB9012070BDB4F8000CFF2801D90320E6
:104AE000F8E7B4F8000CC0B1B4F8000C401E00EBBD
:104AF000400004EB80063079297988420DD129885D
:104B00003088FFF7F3FC022807D269887088FFF726
:104B1000EDFC022801D20020DCE7B4F8000C00EB29
:104B2000400004EB800095E80E000EC0B4F8000CC5
:104B3000401CA4F8000C0020CCE710B5044604B9D2
:104B400010BD4FF444712046FBF729FB00BFF7E787
:104B500000B970470021A0F8001C00BFF9E7024629
:104B60000AB901207047002105E0505C08B100201F
:104B7000F8E7481C81B2B1F5447FF6D30120F1E794
:104B80002DE9F04786B004460E464FF00008C146B6
:104B9000C24604B11EB9012006B0BDE8F087304618
:104BA000FFF7CBFF04A92046FFF770FD08B10220F4
:104BB000F2E700252DE005EB450004EB800738798E
:104BC00010B94FF0000A22E002AB03AA04A938464C
:104BD000FFF7DEFEBAF1000F0AD0BDF90800009021
:104BE000BDF90C304A4641463046FFF7ADFC07E0C0
:104BF000FF23BDF90820BDF90C10304600F0ECF998
:104C0000BDF90C80BDF908904FF0010A00BF681C87
:104C100085B2B4F8000CA842CDDC304600F0F2F9C1
:104C20000020B9E770B58CB005460C4605B114B943
:104C300001200CB070BD2846FFF791FF08B102209B
:104C4000F7E7194800782070002060601648007867
:104C500002280BD101A92846FFF751FC06469DF812
:104C60002C006070BDF82E0060801BE00E480078BC
:104C700001280BD101A92846FFF7D2FD06469DF871
:104C80002C006070BDF82E0060800BE001A9284662
:104C9000FFF7DAFE06469DF82C006070BDF82E0086
:104CA000608000BF3046C4E71D01002018B1012814
:104CB00001D0022801D10149087070471D01002070
:104CC0002DE9F14F82B0002080E000217AE000223F
:104CD00074E04FF0000900255CE0002656E005EB8B
:104CE000410C0CF0FF0CCDF804C006EB420C0CF0AC
:104CF000FF0CCDF800C0DFF8E0C05CF820700023A6
:104D00003DE0DDF804809844A8F1010CBCF1000FEF
:104D100002DBBCF11C0F00DB2DE0002428E0DDF8F5
:104D200000A0A244AAF10108B8F1000F02DBB8F11B
:104D30001C0F00DB18E01FFA88FA1FFA8CFBCBEB84
:104D4000CB0B0AEB8B0BDDF808A01AF80BA000EBDD
:104D5000C00BDFF888E0F34403EB430EF3441BF988
:104D600004B00AFB0B7700BF04F1010808F0FF0450
:104D7000032CD4D300BF03F1010C0CF0FF03032B71
:104D8000BFD34F4500DDB946771CFEB2022EA6D335
:104D90006F1CFDB2022DA0D34FEA292700EB001CA7
:104DA0000CEB401CDFF8388008EB0C1CC1EBC10891
:104DB0000CEBC80C4CF82270571CFAB20E2A88D3A0
:104DC0004F1CF9B20E2982D3471CF8B20428FFF415
:104DD0007CAFBDE8FE8F0000B05301088C53010882
:104DE000B81200202DE9FE4F0020A1E0002198E03C
:104DF00000228FE04FF0000CCDF808C0002671E0D3
:104E0000002769E006EB410808F0FF08CDF80480B0
:104E100007EB420808F0FF08CDF80080DFF81C819E
:104E200058F820C000234BE0002443E0DDF8049054
:104E3000A144A9F10108B8F1000F02DBB8F10E0F8F
:104E400000DB33E000252EE0DDF800A0AA44AAF143
:104E50000109B9F1000F02DBB9F10E0F00DB1EE012
:104E600003EB031A0AEB431ADFF8D4B00BEB0A1A70
:104E7000C8EBC80B0AEBCB0A5AF829A000EBC00B11
:104E8000DFF8C0E00EEB8B0B03EBC30EF34404EB37
:104E9000440EF3441BF905B00AFB0BCC00BF05F12F
:104EA000010909F0FF05032DCED300BF04F101086D
:104EB00008F0FF04032CB9D303F1010808F0FF0345
:104EC000042BB1D3DDF80880C44501DDCDF808C05E
:104ED00007F1010C0CF0FF07022F93D306F1010C30
:104EE0000CF0FF06022E8BD3DDF808C04FEA2C2C05
:104EF00000EB001808EB4018DFF84C9009EB88082D
:104F0000C1EBC10908EB890848F822C002F1010C85
:104F10000CF0FF02072AFFF46DAF01F1010C0CF059
:104F2000FF010729FFF464AF00F1010C0CF0FF0052
:104F30000828FFF45BAFBDE8FE8F0000E0540108D5
:104F4000B8120020C0530108F81E00202DE9F041DE
:104F50000446002035E01D4F57F820500026002160
:104F600029E0002223E000231DE001EB011707EBFD
:104F70004117DFF85CC00CEB8707C2EBC20C07EBF4
:104F80008C0757F8237000EB001C0CEB401CDFF87B
:104F9000448008EBCC0C1CF906C007FB0C55771CB1
:104FA000BEB25F1CFBB2072BDFD3571CFAB2072A35
:104FB000D9D34F1CF9B20829D3D344F82050451C4B
:104FC000E8B20A28C7D3BDE8F081000050640108A8
:104FD000F81E00200055010830B538B1002905DB66
:104FE000002A03DB1C2901DA1C2A00DB30BDC2EBDE
:104FF000C20501EB8505ACB2055D9D4200DA0355A3
:1050000000BFF3E7F0B5ADF5457D074617B90DF5DF
:10501000457DF0BD4FF44472394601A8FBF7A6F870
:10502000002429E01C20B4FBF0F100FB1145B4FB87
:10503000F0F601A8005D00B91CE0681E01B2A023D3
:1050400032B23846FFF7C8FFA02332B2681C01B263
:105050003846FFF7C1FF701E02B2A02329B23846BE
:10506000FFF7BAFFA023701C02B229B23846FFF73F
:10507000B3FF00BF601C84B2B4F5447FD2D300BF3D
:10508000C5E7000000000000000000000000000074
:105090000000000000181818181818080008180058
:1050A0000000000000342424240000000000000060
:1050B00000000000000016247F2424247E24240005
:1050C0000000000000083E6848681C1612127C10A0
:1050D000100000000061D296740810162949C6001D
:1050E0000000000000003C646438724ACE467F0035
:1050F0000000000000181818180000000000000050
:105100000000000000040818103030303010101873
:105110000C04000000201008080C0404040C0818FB
:105120001020000000080A341C6A0800000000007B
:1051300000000000000000001818187F1818180060
:105140000000000000000000000000000018180827
:1051500030000000000000000000003C00000000E3
:10516000000000000000000000000000001818000F
:1051700000000000000206040C0808101020204067
:105180000000000000003C6642475B7342663C0042
:1051900000000000000018784808080808087E0091
:1051A0000000000000003C460606040810207E00B7
:1051B0000000000000007C0606043C0202067C00A1
:1051C0000000000000000C1C14246444FF040400D0
:1051D0000000000000007E6060607E0202067C002D
:1051E0000000000000001E306048764242623C0031
:1051F0000000000000007E0206040C0818103000B9
:105200000000000000003C6242361C6642423C0046
:105210000000000000003C664242661A020478006A
:10522000000000000000000018180000001818001E
:105230000000000000000000181800000018180806
:10524000300000000000000004183060100C060060
:10525000000000000000000000007E007E00000052
:105260000000000000000000301804060C102000B0
:105270000000000000301C06060618100010100088
:1052800000000000001C224141DDB5A5A5AF94C07F
:10529000403C00000000181C342426627E43C100FC
:1052A0000000000000007C4642467C4242427C00F6
:1052B0000000000000001E204040404040603E00D2
:1052C0000000000000007C46424343434246780011
:1052D0000000000000007E6060607E6060607E0014
:1052E0000000000000007E6060607E606060600022
:1052F0000000000000001E604040CE4242623E00BE
:10530000000000000000424242427E42424242000F
:105310000000000000007E181818181818187E00E9
:105320000000000000007C0404040404044478002D
:105330000000000000004244485070584C444200B5
:1053400000000000000020202020202020203E001F
:105350000000000000006266675F5B5BC1C1C100C6
:10536000000000000000626272525A4A4E46460037
:105370000000000000003C6243C3C3C343623C0022
:105380000000000000007C46424246784040400059
:105390000000000000003C6243C3C3C343623C18EA
:1053A0000F00000000007C6662667C6C6466620030
:1053B0000000000000003E6040601C0602027C000D
:1053C0000000000000007F1818181818181818009E
:1053D00000000000000042424242424242623C0061
:1053E000000000000000C14342622624341C180063
:1053F000000000000000C1C141495B5B76666600A9
:1054000000000000000043663418181C2466C30026
:10541000000000000000C14266341C181818180073
:105420000000000000007E02040C181020607E00C6
:1054300000000000001C10101010101010101010B0
:10544000101C000000402020101008080C04060268
:1054500000000000003C0C0C0C0C0C0C0C0C0C0C98
:105460000C3C00000000181C24620000000000003A
:10547000000000000000000000000000000000002C
:1054800000FF0000002010000000000000000000ED
:1054900000000000000000003C06023E42467A0088
:1054A00000000000004040405C62424242427C00FA
:1054B00000000000000000001E20604060203E0050
:1054C00000000000000202023E62424242663A00D0
:1054D00000000000000000003C62427E40603E0090
:1054E00000000000000F1810107E101010101000A7
:1054F00000000000000000003F66426658403E4346
:10550000423C0000004040405C6242424242420055
:1055100000000000001818007808080808087E003D
:105520000000000000040C007C04040404040404D3
:105530000C78000000606060626C787068646200E3
:1055400000000000007808080808080808087E0025
:105550000000000000000000764B4B4B4B4B4B0013
:1055600000000000000000005C6242424242420033
:1055700000000000000000003C62424342623C0028
:1055800000000000000000005C62424242427C4099
:1055900040400000000000003E62424242663A0283
:1055A00002020000000000006E7263606060600034
:1055B00000000000000000003E20203C06027C00AD
:1055C0000000000000001010FE10101010101E004F
:1055D00000000000000000004242424242663A00E1
:1055E0000000000000000000434266243418180048
:1055F0000000000000000000C1C15B5A5E6666004A
:10560000000000000000000062261C181C2662003A
:10561000000000000000000043426624341C1818FB
:1056200030E00000000000007E060C1810207E0014
:1056300000000000000E1810101030701010101034
:10564000180E0000080808080808080808080808D4
:10565000080800000030180808080C0E08080808A0
:1056600018300000000000000000714B0600000030
:10567000000000000000000000000000000000002A
:10568000000000000000000000000000000000001A
:10569000000000000000000000000000000000000A
:1056A00000000000000000000000000003800180F6
:1056B00001800180018001800180018001800180E2
:1056C0000000000003C003C0000000000000000054
:1056D0000000000000000000000000000E700E70CE
:1056E0000E700C3000000000000000000000000000
:1056F00000000000000000000000000000000000AA
:10570000000000000000000000000000000006187B
:10571000063806307FFE0C300C300C300C307FFE2B
:105720000C601C60186018600000000000000000A1
:105730000000000000000000000000C000C00FF8E2
:105740003CC831C031803D801F8003F001F8031C4C
:10575000030C031C3FF83FE00700060000000000B8
:10576000000000000000000000001C007E0E630C22
:10577000631863307E6000C001800300077C0EE682
:105780001CC618C630C6607C000000000000000087
:105790000000000000000000000000000FE01CF00E
:1057A000387038701C601FC00F003F8C71CC60ECEB
:1057B000607C70383CFC1FCE000000000000000040
:1057C00000000000000000000000000003C0018095
:1057D00001800180000000000000000000000000C7
:1057E00000000000000000000000000000000000B9
:1057F00000000000000000000000003000E001C0D8
:10580000018003000700060006000E000E000E00D7
:105810000E00060007000300038001C000E0003016
:10582000000000000000000000000C0006000380E3
:10583000018001C000E00060006000700070007036
:105840000060006000E000C00180038006000C00E2
:10585000000000000000000000000000018011882E
:105860001DB803C007E03DBC0188018000000000B6
:105870000000000000000000000000000000000028
:105880000000000000000000000000000000000018
:105890000000018001800180018001807FFE018085
:1058A0000180018001800000000000000000000075
:1058B00000000000000000000000000000000000E8
:1058C00000000000000000000000000000000000D8
:1058D000000003C003C001C001C003801F0000001E
:1058E00000000000000000000000000000000000B8
:1058F0000000000000000000000000000FF00000A9
:105900000000000000000000000000000000000097
:105910000000000000000000000000000000000087
:105920000000000000000000000000000000000077
:10593000000003C003C003C000000000000000001E
:105940000000000000000000000000000018003807
:105950000030006000E000C001C0018003000300CF
:1059600006000E000C001C001800300000000000B3
:1059700000000000000000000000000001800FF0A7
:105980001C38381C301C707E70EE738E7E0E7C0CC2
:10599000300C381C1E780FE00000000000000000F2
:1059A000000000000000000000000000000007C030
:1059B0001FC039C001C001C001C001C001C001C089
:1059C00001C001C03FFC3FFC0000000000000000DF
:1059D00000000000000000000000000003801FF035
:1059E00018380038001800380038007001E00380D3
:1059F00007001C003FFC3FFC00000000000000000E
:105A000000000000000000000000000007801FF000
:105A1000003800380038003007E007F00038001C7C
:105A2000001C001820F83FE000000000000000000B
:105A3000000000000000000000000000000000F076
:105A400001B0033007300E301C30383070307FFE2C
:105A50007FFE003000300030000000000000000039
:105A600000000000000000000000000000001FF81F
:105A700018001800180018001FE000F8001C001C97
:105A8000001C003800F01FC00000000000000000F3
:105A9000000000000000000000000000000003F80B
:105AA0000F001C001800300037F83C3C300C300C64
:105AB000380C381C1E380FF00000000000000000F9
:105AC00000000000000000000000000000003FFC9B
:105AD000001C001800380070006000E001C0018068
:105AE0000380070006000E00000000000000000018
:105AF00000000000000000000000000003C01FF8CC
:105B0000381C381C381C1C380FF007F01C78381C67
:105B1000300C381C3C380FF0000000000000000082
:105B200000000000000000000000000003801FF0E3
:105B30003838301C701C700C380C1FFC0FCC001C4B
:105B4000001800701FE01F8000000000000000002F
:105B50000000000000000000000000000000000045
:105B60000000000003C003C001800000000000002E
:105B7000000003C003C003C00000000000000000DC
:105B80000000000000000000000000000000000015
:105B90000000000003C003C00180000000000000FE
:105BA000000003C003C001C001C003800F0000005B
:105BB00000000000000000000000000000000000E5
:105BC0000000003800F001C007001E0038000E0081
:105BD000078001C0007000300000000000000000DD
:105BE00000000000000000000000000000000000B5
:105BF00000000000000000003FFC000000003FFC2F
:105C00003FFC000000000000000000000000000059
:105C10000000000000000000000000000000000084
:105C200000001C000F00038001E00078001C0070E1
:105C300001E003800E000C000000000000000000E6
:105C40000000000000000000000000000FC000F095
:105C5000003800380038003803F0038003000300E8
:105C60000000000007800780000000000000000026
:105C70000000000000000000000000E007F80C0C2D
:105C800018063006700363F36633C673CC63CC62C8
:105C9000CC66CCE6C7FCE0006000700038101FF056
:105CA000000000000000000000000000000003C031
:105CB00007E006E00E700E700C301C3818183FFC20
:105CC0003FFC700E600EE0070000000000000000C6
:105CD00000000000000000000000000000003FF095
:105CE0003838381C381C38383FF03FF8381C380C2E
:105CF000380C381C3FF83FE00000000000000000B6
:105D000000000000000000000000000000E007FCB0
:105D10001E04380038003000700070007000300041
:105D200038003C001F9C07FC000000000000000041
:105D300000000000000000000000000000003FF034
:105D40003078301C300C300E300E300E300E300EED
:105D5000301C30383FF03FC0000000000000000061
:105D600000000000000000000000000000001FF81C
:105D700018001800180018001FF81FF81800180065
:105D8000180018001FF81FF80000000000000000B5
:105D900000000000000000000000000000001FF8EC
:105DA00018001800180018001FF81FF81800180035
:105DB0001800180018001800000000000000000083
:105DC00000000000000000000000000000F007FCE0
:105DD0001E04380030007000700070FC700C700CF5
:105DE000300C380C1F1C07FC0000000000000000F5
:105DF0000000000000000000000000000000300C67
:105E0000300C300C300C300C3FFC3FFC300C300CB4
:105E1000300C300C300C300C000000000000000092
:105E200000000000000000000000000000003FFC37
:105E3000018001800180018001800180018001805A
:105E4000018001803FFC3FFC0000000000000000DA
:105E500000000000000000000000000000001FF033
:105E600000300030003000300030003000300030B2
:105E7000003000701DE01FC00000000000000000A6
:105E80000000000000000000000000000000381CBE
:105E9000387038E039C03B803F003F003B8039C05C
:105EA00038E038703838381C00000000000000006E
:105EB00000000000000000000000000000001C00C6
:105EC0001C001C001C001C001C001C001C001C00F2
:105ED0001C001C001FFC1FFC000000000000000054
:105EE0000000000000000000000000000000381C5E
:105EF0007C3C6C3E6E6E666E66CE63C66386618663
:105F000060066006600660060000000000000000F9
:105F100000000000000000000000000000003C0C39
:105F20003C0C3E0C360C330C338C318C31CC30ECC9
:105F3000306C307C303C301C000000000000000061
:105F400000000000000000000000000001C00FF889
:105F50001C3C381C700E700E60066006700E700ED1
:105F6000700C381C1E780FE00000000000000000DC
:105F700000000000000000000000000000003FF0F2
:105F8000383C381C380C380C381C38783FE0380066
:105F90003800380038003800000000000000000021
:105FA00000000000000000000000000001C00FF829
:105FB0001C3C381C700E700E60066006700E700E71
:105FC000700C381C1E780FE0018001C000FF003CFF
:105FD00000000000000000000000000000003FF092
:105FE000383838183818383838F03FC038E038704A
:105FF00038383838381C380E000000000000000027
:1060000000000000000000000000000001E00FF8A8
:106010003800380038003C001F8003F00078001C76
:10602000001C001C38783FE0000000000000000069
:1060300000000000000000000000000000007FFEE3
:106040000180018001800180018001800180018048
:10605000018001800180018000000000000000003C
:106060000000000000000000000000000000300CF4
:10607000300C300C300C300C300C300C300C300C40
:10608000300C381C1C380FF000000000000000002D
:106090000000000000000000000000000000E0061A
:1060A000700E700E381C381C1C181C380C300E700A
:1060B000066007E003C003C000000000000000000D
:1060C000000000000000000000000000000060066A
:1060D0006006600660066186638673C673CE766C62
:1060E000366C3C3C3C3C381C0000000000000000CA
:1060F0000000000000000000000000000000301C54
:1061000038181C380E7007E003C003C007E00E709B
:106110001C381838381C700E000000000000000009
:106120000000000000000000000000000000700EF1
:10613000700C381C1C380E70066007E003C001802C
:10614000018001800180018000000000000000004B
:1061500000000000000000000000000000003FFC04
:10616000001C0038007000E001C0038007000E0032
:106170000C0018003FFC3FFC000000000000000085
:106180000000000000000000000007F007F006001B
:1061900006000600060006000600060006000600CF
:1061A000060006000600060006000600060007F0CE
:1061B00000000000000000000000000018001C00AB
:1061C0000C000600070003000380018001C000C02E
:1061D00000600070003000380018000C0000000063
:1061E000000000000000000000000FE00FE0006071
:1061F000006000600060006000600060006000609F
:1062000000600060006000600060006000600FE0FF
:10621000000000000000000000000000000003C0BB
:1062200006C006600C301818301C0000000000008A
:10623000000000000000000000000000000000005E
:10624000000000000000000000000000000000004E
:10625000000000000000000000000000000000003E
:106260000000000000000000000000000000FFFF30
:106270000000000000000000000000001E0003807D
:10628000000000000000000000000000000000000E
:1062900000000000000000000000000000000000FE
:1062A00000000000000000000000000000000000EE
:1062B000000000001FF01038001C001C0FFC1C1C0C
:1062C000381C381C3CFC1FDC0000000000000000F3
:1062D000000000000000000000000000380038004E
:1062E000380038003BF83E1C3C1C380C380C380C8D
:1062F000380C381C3C781FE0000000000000000053
:10630000000000000000000000000000000000008D
:106310000000000007F80E001C00380038003800AC
:1063200038001C000F1807F80000000000000000F3
:10633000000000000000000000000000001C001C25
:10634000001C001C0FFC1C1C381C301C301C301C9A
:10635000301C383C1CFC0F9C0000000000000000BA
:10636000000000000000000000000000000000002D
:10637000000000000FF01C38381C300C3FFC3000CF
:10638000300038001E0C07FC000000000000000078
:1063900000000000000000000000003C01FE03803F
:1063A0000300030003007FFC7FFC030003000300E5
:1063B00003000300030003000000000000000000D1
:1063C00000000000000000000000000000000000CD
:1063D000000000000FFE1C383818381818381FF05D
:1063E0003B8030003FF01FFC300E700E381C1FF851
:1063F000000000000000000000000000380038002D
:10640000380038003BF83E383C1C381C381C381C1F
:10641000381C381C381C381C00000000000000002C
:1064200000000000000000000000018003C003C065
:10643000000000001FC001C001C001C001C001C0B8
:1064400001C001C001C03FFC0000000000000000CE
:10645000000000000000000000000020007000703C
:10646000000000003FF000700070007000700070CD
:1064700000700070007000700070007020E03FC07D
:1064800000000000000000000000000018001800DC
:1064900018001800183C187018E01B801F001B80A3
:1064A00019E018701838181C0000000000000000E7
:1064B0000000000000000000000000001FC001C03C
:1064C00001C001C001C001C001C001C001C001C0C4
:1064D00001C001C001C03FFC00000000000000003E
:1064E00000000000000000000000000000000000AC
:1064F000000000006F3C79EE71CE718E718E718E4E
:10650000718E718E718E718E00000000000000008F
:10651000000000000000000000000000000000007B
:10652000000000003BF83E383C1C381C381C381C6E
:10653000381C381C381C381C00000000000000000B
:10654000000000000000000000000000000000004B
:10655000000000000FF01C3C381C700E700E700E16
:10656000700C381C1E780FE00000000000000000D6
:10657000000000000000000000000000000000001B
:10658000000000003BF83E1C3C1C380C380C380C5A
:10659000380C381C3C783FE03800380038003800B0
:1065A00000000000000000000000000000000000EB
:1065B000000000000FFC1C1C381C301C301C301C60
:1065C000301C383C1CFC0F9C001C001C001C001CD8
:1065D00000000000000000000000000000000000BB
:1065E0000000000019F81F1C1C0C180E18001800E1
:1065F000180018001800180000000000000000003B
:10660000000000000000000000000000000000008A
:10661000000000000FF81C0018001E000FC001F859
:106620000018001818381FF00000000000000000DB
:106630000000000000000000000000000000060054
:10664000060006007FFC06000600060006000600A5
:1066500006000700078401FC0000000000000000A5
:10666000000000000000000000000000000000002A
:1066700000000000381C381C381C381C381C381C22
:10668000381C383C1CFC0FDC00000000000000003F
:1066900000000000000000000000000000000000FA
:1066A00000000000700C381C38181C380C300E70BC
:1066B000066007E003C003C0000000000000000007
:1066C00000000000000000000000000000000000CA
:1066D00000000000600660066186738E73CC33CCC8
:1066E000366C366C3C3C3C3800000000000000007A
:1066F000000000000000000000000000000000009A
:1067000000000000381C1C380E7007E003C003C0F6
:1067100007E00E701C38381E00000000000000006A
:106720000000000000000000000000000000000069
:1067300000000000700C381C38181C380C300E702B
:10674000066007E003C003C0038007000E007C0062
:106750000000000000000000000000000000000039
:10676000000000001FF80038007000E001C0038046
:1067700007000C001FFC3FFC0000000000000000B0
:1067800000000000000000000000007801F8038015
:10679000038003800380038003003F003E0003006A
:1067A00003800380038003800380038001C000F81E
:1067B0000000000000000180018001800180018054
:1067C00001800180018001800180018001800180C1
:1067D00001800180018001800180018001800180B1
:1067E000000000000000000000001E001F8001806B
:1067F00001C001C001C001C000C000FC007C00C09D
:1068000001C001C001C001C001C001C003801F0060
:106810000000000000000000000000000000000078
:1068200000000000000000001C003F0671CE60FC6C
:106830000000000000000000000000000000000058
:106840000000000000000000000000000000000048
:106850000000000000000000000000000000000038
:106860000000000000000000000000000000000028
:106870000000000000000000000000000000000018
:106880000000000000000000000000000000000008
:1068900000000000000000000000000000000000F8
:1068A00000000000000000000000000000000000E8
:1068B00000000000003C00003C00003C00003C00E8
:1068C000003C00003C00003C00003C00003C00009C
:1068D0003C00003C00003C00003C00003C0000008C
:1068E00000000000003C00007E00003C00000000B2
:1068F0000000000000000000000000000000000098
:106900000000000000000000000000000000000087
:106910000000000003C3E003C3E003C3C003C3C01F
:1069200003C3C003C3C003C1C000000000000000D7
:106930000000000000000000000000000000000057
:106940000000000000000000000000000000000047
:106950000000000000000000000000000000000037
:106960000000000000000000000000000000000027
:106970000000000000000000000001E0E001C0E0B5
:1069800001C0E001C0E03FFFFE3FFFFE03C1C003C6
:1069900081C00381C00381C07FFFFC7FFFFC0783B0
:1069A000800703800703800703800707800000003B
:1069B00000000000000000000000000000000000D7
:1069C00000000000000000000000000000000000C7
:1069D00000000700000F00000E0001FFF007FFF0AD
:1069E0001F0E001E1E001E1C001E1C000FDC0007D8
:1069F000FC0000FF80003FF00038F8003878007895
:106A00003C0070783071F83FFFE01FFF0000E000AD
:106A100000E00000E00000000000000000000000B6
:106A20000000000000000000000000000000000066
:106A3000000000000F800F3FE01E78703C70707007
:106A40007070E07071C03FE3801FC700000E00004F
:106A50001C0000780000F0F001E7FC03CF0E078E69
:106A60000E0F0E0E1E0E0E3C07BC7003F800000049
:106A70000000000000000000000000000000000016
:106A80000000000000000000000000000000000006
:106A90000000000000000001FF0007FF800F03C09E
:106AA0000F03C00F03C00F0780079F0003FE000302
:106AB000F0000FF83C3E7C3C3C1F3C780FF8780718
:106AC000F87C01F03E03F81FFFFC07FE1F000000EA
:106AD00000000000000000000000000000000000B6
:106AE00000000000000000000000000000000000A6
:106AF00000000000003E00003C00003C00003C00A4
:106B0000003C00003C00003C0000000000000000D1
:106B10000000000000000000000000000000000075
:106B20000000000000000000000000000000000065
:106B30000000000000000000000000000000000055
:106B40000000000000000000000000000000000045
:106B5000000000800001C0000780000F00001E0040
:106B6000003C0000780000F00000E00001E00001BF
:106B7000E00001C00003C00003C00001C00001E04C
:106B80000001E00000F00000F000007800003C0090
:106B9000001E00000F000007C00001C00000000040
:106BA00000000000000000000000000000000000E5
:106BB0000000000003C00001E00000F000007C00C5
:106BC000003E00001E00000F00000780000780004C
:106BD00003800003C00003C00003C00003C0000323
:106BE00080000780000780000F00001E00003C00AE
:106BF00000780000F00001E00003800000000000C9
:106C00000000000000000000000000000000000084
:106C100000000000001C00001C000018000F18F00D
:106C200007DBE0007F0000FF0007DBE00E187000CC
:106C30001800001C00001C00000000000000000004
:106C40000000000000000000000000000000000044
:106C50000000000000000000000000000000000034
:106C60000000000000000000000000000000000024
:106C70000000000000000000000000000000000014
:106C8000000000003C00003C00003C00003C000014
:106C90003C00003C003FFFFC3FFFFC003C00003C90
:106CA00000003C00003C00003C0000000000000030
:106CB00000000000000000000000000000000000D4
:106CC00000000000000000000000000000000000C4
:106CD00000000000000000000000000000000000B4
:106CE00000000000000000000000000000000000A4
:106CF0000000000000000000000000000000000094
:106D000000007C00007E00007E00003E00001E00AF
:106D1000003C0000F80007E0000400000000000054
:106D20000000000000000000000000000000000063
:106D30000000000000000000000000000000000053
:106D40000000000000000000000000000000000043
:106D5000000000000003FFE003FFE000000000006F
:106D60000000000000000000000000000000000023
:106D70000000000000000000000000000000000013
:106D80000000000000000000000000000000000003
:106D900000000000000000000000000000000000F3
:106DA00000000000000000000000000000000000E3
:106DB00000000000000000000000000000000000D3
:106DC00000007C0000FE0000FE00007E00000000CD
:106DD00000000000000000000000000000000000B3
:106DE00000000000000000000000000000000000A3
:106DF000000000000000780000F00000E00001E06A
:106E00000003C0000380000780000F00000E000098
:106E10001E00003C0000380000700000F00000E0A0
:106E20000001C00003C0000780000700000F000041
:106E30001E00001C00000000000000000000000018
:106E40000000000000000000000000000000000042
:106E50000000000000000000000001FFC007FFE08C
:106E60000F00F01E00781E003C3C00FC3C07FC3C80
:106E70001FBC3C7C1C3DF03C3FC03C3F003C1E0026
:106E8000381E00780F80F007FFE001FF800000004F
:106E900000000000000000000000000000000000F2
:106EA00000000000000000000000000000000000E2
:106EB00000000000000000000000007E0003FE0053
:106EC0001FDE000E1E00001E00001E00001E00003F
:106ED0001E00001E00001E00001E00001E00001EFE
:106EE00000001E00001E000FFFF80FFFF80000005A
:106EF0000000000000000000000000000000000092
:106F00000000000000000000000000000000000081
:106F10000000000000000000000003FF800FFFE001
:106F20000E01F00000F00000F00000F00000F000A2
:106F300001E00003C0000F80003E00007C0001F073
:106F40000003C0000F80001FFFFC1FFFFC000000BB
:106F50000000000000000000000000000000000031
:106F60000000000000000000000000000000000021
:106F7000000000000000000000000FFF800FFFE095
:106F80000001E00000F00000F00001E00003C0019B
:106F9000FF0001FFC00003F000007800007800004F
:106FA000780000780001F00FFFC00FFF0000000024
:106FB00000000000000000000000000000000000D1
:106FC00000000000000000000000000000000000C1
:106FD00000000000000000000000000FC0001FC003
:106FE000003FC0007BC000F3C001E3C003C3C00783
:106FF00083C00F03C01C03C03803C07FFFFE7FFFA8
:10700000FE0003C00003C00003C00003C000000076
:107010000000000000000000000000000000000070
:107020000000000000000000000000000000000060
:10703000000000000000000000000FFFE00FFFE074
:107040000F00000F00000F00000F00000F00000FE6
:10705000FF800FFFE00000F00000780000780000E3
:10706000780000F00003E00FFFC00FFE00000000FA
:107070000000000000000000000000000000000010
:107080000000000000000000000000000000000000
:1070900000000000000000000000003FF001FFF0D1
:1070A00003E0000780000F00001E00001E1F001FED
:1070B000FFE01FC1F81E00781E003C1E003C1E00B1
:1070C0003C0F00780F80F807FFE001FF8000000010
:1070D00000000000000000000000000000000000B0
:1070E00000000000000000000000000000000000A0
:1070F000000000000000000000001FFFFC1FFFFC5C
:107100000000780000F00000E00001E00003C00093
:107110000780000F00000F00001E00003C000078F8
:107120000000F00001F00001E00003C000000000DA
:10713000000000000000000000000000000000004F
:10714000000000000000000000000000000000003F
:107150000000000000000000000003FFE00FE3F06B
:107160000F00781E00781E00780F00F007E3E001A2
:10717000FF8001FF8007E7E00F00F81E00781E0087
:107180003C1E007C1F00F80FFFF003FFC000000052
:1071900000000000000000000000000000000000EF
:1071A00000000000000000000000000000000000DF
:1071B0000000000000000000000003FF800FC7E097
:1071C0001E00F01E00783C00783C00783C00381E21
:1071D00000780FEFF807FFB8000078000078000093
:1071E000F00001E0000FC00FFF000FF000000000F2
:1071F000000000000000000000000000000000008F
:10720000000000000000000000000000000000007E
:10721000000000000000000000000000000000006E
:10722000000000000000007E00007E00007E0000E4
:107230001800000000000000000000000000000036
:1072400000003C00007E00007E00003E00000000C8
:10725000000000000000000000000000000000002E
:10726000000000000000000000000000000000001E
:10727000000000000000000000000000000000000E
:10728000000000000000007E00007E00007E000084
:1072900018000000000000000000000000000000D6
:1072A00000003E00007E00007F00001F00001E0066
:1072B000001E0000FC0007F00004000000000000B9
:1072C00000000000000000000000000000000000BE
:1072D00000000000000000000000000000000000AE
:1072E0000000400001E00007C0001F00007E000118
:1072F000F80003E0000F80000F800003E00000F8BA
:1073000000003E00000F800003E00000E0000000ED
:10731000000000000000000000000000000000006D
:10732000000000000000000000000000000000005D
:10733000000000000000000000000000000000004D
:107340000000000000000000000000000000001F1E
:10735000FFF80000000000000000001FFFF81FFF02
:10736000F800000000000000000000000000000025
:10737000000000000000000000000000000000000D
:1073800000000000000000000000000000000000FD
:1073900000000000000000000000000000000000ED
:1073A00000000007800003E00000F800003E00003D
:1073B0000F800003E00000F80001F00007C0001F8C
:1073C00000007C0001F00007C00003000000000086
:1073D00000000000000000000000000000000000AD
:1073E000000000000000000000000000000000009D
:1073F0000000000001C00001FE00007F800007C007
:107400000001E00000F00000F00001F00003E000E7
:107410007FC0007E0000700000700000700000005F
:107420000000000000F80000F80000F80000000074
:10743000000000000000000000000000000000004C
:10744000000000000000000000000000000000003C
:1074500000000000001F8000FFF003C07807801CC0
:107460000E000E1C000E3C000F383FC778FFC7709F
:10747000E3C771C3C7F3C387E3C387E3878EE3879B
:107480008EE3CF8EE3FFFC71F9F070000070000016
:107490003800003C00000F01C007FFC000000000E2
:1074A00000000000000000000000000000000000DC
:1074B00000000000000000000000007E00007F00CF
:1074C00000FF0000E78001E78003C3C003C3C007DB
:1074D00081E00781E00F00F00F00F81FFFF81FFFA9
:1074E000FC3C003C3C001E78001EF0000F00000039
:1074F000000000000000000000000000000000008C
:10750000000000000000000000000000000000007B
:10751000000000000000000000001FFFC01FFFF07F
:107520001E00F01E00781E00781E00F01E01F01FE5
:10753000FFC01FFFE01E01F81E00781E003C1E0069
:107540003C1E00781E00F81FFFE01FFF0000000037
:10755000000000000000000000000000000000002B
:10756000000000000000000000000000000000001B
:107570000000000000000000000000FFF803FFF81A
:1075800007C0000F00001E00001E00003C00003C71
:1075900000003C00003C00003C00003E00001E00DB
:1075A000000F00000FC00803FFF800FFF800000004
:1075B00000000000000000000000000000000000CB
:1075C00000000000000000000000000000000000BB
:1075D000000000000000000000003FFF003FFFE04F
:1075E0003C01F03C00783C003C3C003C3C003C3C16
:1075F000001E3C001E3C001E3C003C3C003C3C008D
:10760000783C00F83C07E03FFFC03FFC0000000072
:10761000000000000000000000000000000000006A
:10762000000000000000000000000000000000005A
:10763000000000000000000000000FFFF00FFFF04E
:107640000F00000F00000F00000F00000F00000FE0
:10765000FFF00FFFF00F00000F00000F00000F0001
:10766000000F00000F00000FFFF00FFFF000000000
:10767000000000000000000000000000000000000A
:1076800000000000000000000000000000000000FA
:10769000000000000000000000000FFFF00FFFF0EE
:1076A0000F00000F00000F00000F00000F00000F80
:1076B000FFF00FFFF00F00000F00000F00000F00A1
:1076C000000F00000F00000F00000F00000000007E
:1076D00000000000000000000000000000000000AA
:1076E000000000000000000000000000000000009A
:1076F0000000000000000000000000FFFC03FFFC91
:107700000FC0041F00001E00003C00003C00007879
:107710000FFC780FFC78003C3C003C3C003C3E00F9
:107720003C1F003C0FC03C03FFFC00FFF8000000C2
:107730000000000000000000000000000000000049
:107740000000000000000000000000000000000039
:10775000000000000000000000003C003C3C003C39
:107760003C003C3C003C3C003C3C003C3C003C3F82
:10777000FFFC3FFFFC3C003C3C003C3C003C3C0030
:107780003C3C003C3C003C3C003C3C003C000000DD
:1077900000000000000000000000000000000000E9
:1077A00000000000000000000000000000000000D9
:1077B000000000000000000000000FFFF80FFFF8BD
:1077C000003C00003C00003C00003C00003C00008D
:1077D0003C00003C00003C00003C00003C00003C41
:1077E00000003C00003C000FFFF80FFFF800000015
:1077F0000000000000000000000000000000000089
:107800000000000000000000000000000000000078
:10781000000000000000000000000FFFE00FFFE08C
:107820000001E00001E00001E00001E00001E000F3
:1078300001E00001E00001E00001E00001E00001E2
:10784000E00003C00C07C00FFF8007FE000000002F
:107850000000000000000000000000000000000028
:107860000000000000000000000000000000000018
:10787000000000000000000000001E00781E01F063
:107880001E03C01E07801E1F001E3C001E78001E27
:10789000F0001FF0001EF8001E3C001E1E001E0F10
:1078A000801E07C01E01E01E00F81E007C000000C4
:1078B00000000000000000000000000000000000C8
:1078C00000000000000000000000000000000000B8
:1078D000000000000000000000000780000780009A
:1078E00007800007800007800007800007800007EE
:1078F0008000078000078000078000078000078065
:107900000007800007800007FFF807FFF80000006D
:107910000000000000000000000000000000000067
:107920000000000000000000000000000000000057
:10793000000000000000000000003E007C3F00FC52
:107940003F81DC3B81DC3BC39C39C39C38E71C385E
:10795000EF1C387E1C387C1E383C1E78001E7800D8
:107960001E78001E78001E78001E78001E000000A1
:107970000000000000000000000000000000000007
:1079800000000000000000000000000000000000F7
:10799000000000000000000000001F003C1F803CB1
:1079A0001FC03C1DC03C1DE03C1CF03C1C783C1C36
:1079B000783C1C3C3C1C1E3C1C0F3C1C0F3C1C0718
:1079C000BC1C03FC1C01FC1C00FC1C00FC00000097
:1079D00000000000000000000000000000000000A7
:1079E0000000000000000000000000000000000097
:1079F0000000000000000000000001FFC007FFF0D1
:107A00000F00F81E007C3C003C3C001E78001E78F5
:107A1000001E78001E78001E78001E3C003C3C00D2
:107A20003C1E00781F00F007FFE001FF800000000F
:107A30000000000000000000000000000000000046
:107A40000000000000000000000000000000000036
:107A5000000000000000000000001FFF801FFFF07A
:107A60001E00F81E007C1E003C1E003C1E003C1E3A
:107A700000781E03F01FFFC01FFE001E00001E0046
:107A8000001E00001E00001E00001E00000000007E
:107A900000000000000000000000000000000000E6
:107AA00000000000000000000000000000000000D6
:107AB0000000000000000000000001FFC007FFF010
:107AC0000F00F81E007C3C003C3C001E78001E7835
:107AD000001E78001E78001E78001E3C003C3C0012
:107AE0003C1E00781F80F007FFE001FF80003C0093
:107AF000003C00001F06000FFF0001F8000000001E
:107B00000000000000000000000000000000000075
:107B1000000000000000000000000FFF800FFFE0E9
:107B20000E01F00E00F00E00F00E00F00E01F00F4E
:107B3000FFC00FFF000E1F000E07800E03C00E01D6
:107B4000E00E00F00E00F80E00780E003C00000081
:107B50000000000000000000000000000000000025
:107B60000000000000000000000000000000000015
:107B70000000000000000000000003FFF00FFFF015
:107B80001F00001E00001E00001F00000FC00007A5
:107B9000FC0000FF80000FF00001F80000780000FA
:107BA000780000782000F83FFFE03FFF80000000F1
:107BB00000000000000000000000000000000000C5
:107BC00000000000000000000000000000000000B5
:107BD000000000000000000000003FFFFC3FFFFC31
:107BE000003C00003C00003C00003C00003C000069
:107BF0003C00003C00003C00003C00003C00003C1D
:107C000000003C00003C00003C00003C0000000084
:107C10000000000000000000000000000000000064
:107C20000000000000000000000000000000000054
:107C3000000000000000000000003C003C3C003C54
:107C40003C003C3C003C3C003C3C003C3C003C3CA0
:107C5000003C3C003C3C003C3C003C3C003C3C00CC
:107C60003C1E00781F00F80FFFE003FF80000000BB
:107C70000000000000000000000000000000000004
:107C800000000000000000000000000000000000F4
:107C900000000000000000000000F8000F78001E47
:107CA0003C001E3C003C1E00381E00780F00700F88
:107CB00000F00781E00781E003C3C003E3C001E7F0
:107CC0008000F78000FF00007E00007E00000000C2
:107CD00000000000000000000000000000000000A4
:107CE0000000000000000000000000000000000094
:107CF0000000000000000000000078000E78000E78
:107D000078000E78001E38001E38001E383C1C38E3
:107D10003C1C387E1C387F1C3CE71C3CE79C3DC368
:107D20009C1DC3DC1F81DC1F80F81F00F8000000D1
:107D30000000000000000000000000000000000043
:107D40000000000000000000000000000000000033
:107D5000000000000000000000003C003C1E007815
:107D60000F00F00781E003C3C001E78000FF0000BF
:107D70007E00007E0000FF0001FF8003E7C007C314
:107D8000E00F81F01F00F83E007C7C003E00000008
:107D900000000000000000000000000000000000E3
:107DA00000000000000000000000000000000000D3
:107DB0000000000000000000000078001F3C003EB2
:107DC0001E007C1F00780F80F007C1E003E3C001B4
:107DD000E78000FF00007E00003C00003C00003C0B
:107DE00000003C00003C00003C00003C00000000A3
:107DF0000000000000000000000000000000000083
:107E00000000000000000000000000000000000072
:107E1000000000000000000000001FFFFC1FFFFC2E
:107E20000000F80001E00003C0000780000F000020
:107E30001E00003C0000780000F00003E00007C0D6
:107E4000000F80001F00003FFFFC3FFFFC00000010
:107E50000000000000000000000000000000000022
:107E60000000000000000000000000000000000012
:107E70000000000001FFC001FFC001E00001E000C0
:107E800001E00001E00001E00001E00001E000018C
:107E9000E00001E00001E00001E00001E00001E09D
:107EA0000001E00001E00001E00001E00001E0006D
:107EB00001E00001E00001E00001FFC0000000005F
:107EC00000000000000000000000000000000000B2
:107ED000000000000E00000F0000070000038000FB
:107EE00003C00001E00000E00000F00000780000A6
:107EF0003800003C00001E00000E00000F000007CC
:107F0000800003800001C00001E00000E00000707C
:107F100000007800003C00000000000000000000AD
:107F20000000000000000000000000000000000051
:107F30000000000003FF8003FF800007800007802F
:107F4000000780000780000780000780000780008E
:107F50000780000780000780000780000780000777
:107F600080000780000780000780000780000780EE
:107F700000078000078000078003FF8000000000EA
:107F800000000000000000000000000000000000F1
:107F900000000000000000000000003C00007E0027
:107FA00000E70001C3800381C00700E00E00F01E5F
:107FB0000078000000000000000000000000000049
:107FC00000000000000000000000000000000000B1
:107FD00000000000000000000000000000000000A1
:107FE0000000000000000000000000000000000091
:107FF0000000000000000000000000000000000081
:108000000000000000000000000000000000000070
:108010000000000000000000000000000000000060
:108020000000000000000000000000000000000050
:10803000000000000000FFFFFFFFFFFF0000000046
:108040000000000000000000000000000000000030
:10805000000000000F800003E00000F800003C007A
:108060000000000000000000000000000000000010
:108070000000000000000000000000000000000000
:1080800000000000000000000000000000000000F0
:1080900000000000000000000000000000000000E0
:1080A00000000000000000000000000000000000D0
:1080B00000000000000000000000000000000000C0
:1080C00000000000000007FFC007E7F00000F0001C
:1080D000007800007800FFF807FFF80F00781E0016
:1080E000781E00781E03F80FFFF807FC78000000E8
:1080F0000000000000000000000000000000000080
:10810000000000000000000000000000000000006F
:10811000000000001E00001E00001E00001E0000E7
:108120001E00001E00001E7FE01EFFF01FC0781F13
:1081300000781E003C1E003C1E003C1E003C1E0041
:10814000381E00781E00F01FFFE007FF000000004F
:10815000000000000000000000000000000000001F
:10816000000000000000000000000000000000000F
:1081700000000000000000000000000000000000FF
:1081800000000000000000FFF003FFF007C0000F38
:1081900080000F00001E00001E00001E00000F00E7
:1081A000000F800007C00003FFF000FFF000000098
:1081B00000000000000000000000000000000000BF
:1081C00000000000000000000000000000000000AF
:1081D00000000000000078000078000078000078BF
:1081E00000007800007801FFF807FFF80F00781E04
:1081F00000781E00783C00783C00783C00781C0039
:10820000781E01F81F03F80FFF7803FC78000000C8
:10821000000000000000000000000000000000005E
:10822000000000000000000000000000000000004E
:10823000000000000000000000000000000000003E
:1082400000000000000001FFC007E3F00F00F81E6F
:1082500000781E003C1FFFFC1FFFFC1C00001E00DE
:10826000001E00000F800007FFF801FFF80000006B
:1082700000000000000000000000000000000000FE
:1082800000000000000000000000000000000000EE
:10829000000000000003FC001FFE003E000078000C
:1082A0000078000070000070000070003FFFFC3F8D
:1082B000FFFC007000007000007000007000007093
:1082C00000007000007000007000007000000000EE
:1082D000000000000000000000000000000000009E
:1082E000000000000000000000000000000000008E
:1082F000000000000000000000000000000000007E
:1083000000000000000003FFFC07C3FC0F00F01E8C
:1083100000F01E00F00F00F00F83E00FFFC01E7C86
:10832000001C00001F00000FFFF00FFFFC1E003CB0
:108330003C003C3C003C1F81F80FFFE0003800008F
:10834000000000000000000000000000000000002D
:10835000000000001E00001E00001E00001E0000A5
:108360001E00001E00001E7FE01EFFF01FC0F01F59
:1083700000781E00781E00781E00781E00781E000F
:10838000781E00781E00781E00781E00780000001D
:1083900000000000000000000000000000000000DD
:1083A00000000000000000000000000000000000CD
:1083B00000000000003C00007E00007E00003C0049
:1083C0000000000000000FFE000FFE00001E000075
:1083D0001E00001E00001E00001E00001E00001EE9
:1083E00000001E00001E000FFFF80FFFF800000045
:1083F000000000000000000000000000000000007D
:10840000000000000000000000000000000000006C
:10841000000000000003800007E00007E000038088
:108420000000000000000FFFC00FFFC00003C000ED
:1084300003C00003C00003C00003C00003C000036A
:10844000C00003C00003C00003C00003C00003C09D
:108450000003C00007801E3F001FFE0001C0000097
:10846000000000000000000000000000000000000C
:10847000000000000F00000F00000F00000F0000C0
:108480000F00000F00000F00F80F01E00F07C00FF2
:108490001F000F3C000FF8000FF8000F3E000F1FE9
:1084A000000F07C00F03E00F00F80F007C00000072
:1084B00000000000000000000000000000000000BC
:1084C00000000000000000000000000000000000AC
:1084D000000000000FFE000FFE00001E00001E0046
:1084E000001E00001E00001E00001E00001E0000F6
:1084F0001E00001E00001E00001E00001E00001EC8
:1085000000001E00001E000FFFF80FFFF800000023
:10851000000000000000000000000000000000005B
:10852000000000000000000000000000000000004B
:10853000000000000000000000000000000000003B
:1085400000000000000039F9F83BBBBC3E3E1C3C7B
:108550003E1C383C1C383C1C383C1C383C1C383C0D
:108560001C383C1C383C1C383C1C383C1C000000AF
:1085700000000000000000000000000000000000FB
:1085800000000000000000000000000000000000EB
:1085900000000000000000000000000000000000DB
:1085A0000000000000001E7FE01EFFF01FC0F01F53
:1085B00000781E00781E00781E00781E00781E00CD
:1085C000781E00781E00781E00781E0078000000DB
:1085D000000000000000000000000000000000009B
:1085E000000000000000000000000000000000008B
:1085F000000000000000000000000000000000007B
:1086000000000000000001FFC007E7F00F00F81EA7
:10861000003C3C003C3C003C3C003C3C003C3C0002
:108620003C1E00781F00F007FFE001FF8000000003
:10863000000000000000000000000000000000003A
:10864000000000000000000000000000000000002A
:10865000000000000000000000000000000000001A
:108660000000000000001E7FE01EFFF01FC0781F0A
:1086700000781E003C1E003C1E003C1E003C1E00FC
:10868000381E00781E00F01FFFE01FFF001E0000D4
:108690001E00001E00001E00001E00000000000062
:1086A00000000000000000000000000000000000CA
:1086B00000000000000000000000000000000000BA
:1086C00000000000000001FFF807F7F80F00781E17
:1086D00000781E00783C00783C00783C00781C0054
:1086E000781E01F81F03F80FFF7803FC780000786C
:1086F000000078000078000078000078000000009A
:108700000000000000000000000000000000000069
:108710000000000000000000000000000000000059
:108720000000000000000F1FF00F7FF80FE03C0F6B
:10873000803C0F003C0F00000F00000F00000F00F6
:10874000000F00000F00000F00000F0000000000ED
:108750000000000000000000000000000000000019
:108760000000000000000000000000000000000009
:1087700000000000000000000000000000000000F9
:1087800000000000000001FFE007E1E00F00000F23
:10879000000007800003FC0000FFC0000FF0000095
:1087A000F00000780000F00FFFE00FFF80000000F5
:1087B00000000000000000000000000000000000B9
:1087C00000000000000000000000000000000000A9
:1087D0000000000000000000000001E00001E000D7
:1087E00001E00001E0007FFFF87FFFF801E00001F9
:1087F000E00001E00001E00001E00001E00001E034
:108800000001E00000F000007FF8003FF8000000E9
:108810000000000000000000000000000000000058
:108820000000000000000000000000000000000048
:108830000000000000000000000000000000000038
:108840000000000000001E00781E00781E00781E48
:1088500000781E00781E00781E00781E00781E002A
:10886000780E00F80F03F807FF7803FC780000008B
:1088700000000000000000000000000000000000F8
:1088800000000000000000000000000000000000E8
:1088900000000000000000000000000000000000D8
:1088A0000000000000003C003C1E007C1E00780F11
:1088B00000F00F80F00781E003C3C003C3C001E7ED
:1088C0008000E70000FF00007E00003C0000000088
:1088D0000000000000000000000000000000000098
:1088E0000000000000000000000000000000000088
:1088F0000000000000000000000000000000000078
:1089000000000000000078000E78001E78001E387D
:108910003C1E383C1C3C7E1C3C7E3C1CE73C1CE75F
:10892000B81DC3B81FC3F80F81F80F81F000000015
:108930000000000000000000000000000000000037
:108940000000000000000000000000000000000027
:108950000000000000000000000000000000000017
:108960000000000000001F007C0F80F007C1E00342
:10897000E3C000F780007F00003E0000FF0001E739
:108980008003C3C00781F01F00F83E007C00000098
:1089900000000000000000000000000000000000D7
:1089A00000000000000000000000000000000000C7
:1089B00000000000000000000000000000000000B7
:1089C0000000000000003C003C1E003C1E00780F30
:1089D00000F00780F00781E003C1C003C3C001E7D6
:1089E0008000F78000FF00007E00003E00003C0099
:1089F00000780001F0007FE0007F800000000000B0
:108A00000000000000000000000000000000000066
:108A10000000000000000000000000000000000056
:108A20000000000000000FFFF00FFFF00001E00069
:108A300007C0000F80001E00003C0000F80001E0AD
:108A40000003C0000780000FFFF80FFFF8000000D0
:108A50000000000000000000000000000000000016
:108A60000000000000000000000000000000000006
:108A7000000000000007E0001FE0003C000038009C
:108A800000380000780000780000780000780000CE
:108A900078001FF0001F800001F0000078000078CF
:108AA000000078000078000078000078000078006E
:108AB000003800003C00001F80000FE000000000B4
:108AC0000000000000000000000000003C00003C2E
:108AD00000003C00003C00003C00003C00003C006A
:108AE000003C00003C00003C00003C00003C00005A
:108AF0003C00003C00003C00003C00003C00003C0E
:108B000000003C00003C00003C00003C00003C0039
:108B1000003C00003C00003C00003C000000000065
:108B20000000000000000000000000000000000045
:108B30000000000007E00007F800003C00001E00F5
:108B4000001E00001E00001E00001E00001E00008F
:108B50000E00000FF80001F8000F80000E00001E4C
:108B600000001E00001E00001E00001E00001E006F
:108B7000001E00003C0000FC0007F00000000000A8
:108B800000000000000000000000000000000000E5
:108B900000000000000000000000000000000000D5
:108BA00000000000000000000000000000000007BE
:108BB000C0001FF01E3C7C1E381FFC7807F8000028
:108BC00000000000000000000000000000000000A5
:108BD0000000000000000000000000000000000095
:108BE00000000000FCFDFAEDECF6F2E2E6DAEBDE66
:108BF000ECEDE9E8F8F3FC04030B0A0C190E0E0087
:108C0000FFF600F1FBF3EAF0EEF0EDEDF7F4F2FC25
:108C1000F9F6FD05FD0A0509050801080600000032
:108C2000F40402F7F2F9F9EE01FCF6FEFA0405FF8E
:108C3000FB04040708040F07060804FFFFFF0BFFEF
:108C400007FAF30100F8FBFA02000F0E0A0D0809FB
:108C50000D151511F8FBFAF9040C0B0A080C0A059E
:108C6000FB000200FE0806080F120F140514111570
:108C700001F60009060E1A100D0B090202FE01038F
:108C8000090305060A0D090E0D1A1320FEFFFC0844
:108C90000E12111D0E10180C15070C0404091006F5
:108CA0000E0F120E171C1B1205080905111B1B1EA7
:108CB00022161B0C150B070D1313151013090A0EA2
:108CC0000B14160D07F80A13142015231F271D1166
:108CD00005050A151A1915000707060A0911181FB4
:108CE00002071112141D182324151903FE060B1177
:108CF000160B09FDFEFCFE000C0E1022F603130DF0
:108D000014191F201F170E02F2F604100703F702B2
:108D1000F4F9FE0407071926FF040B15120D131AA8
:108D20001D100AFAF2F10A140EFCFBFDFA00F90616
:108D3000041D1C2B060A0C0915181325171C0AF90B
:108D4000F8FC10140A02F0F9FF09FAFB0517201DC0
:108D50000604100C16161D2227190BFDFD0319160B
:108D600007FAFAFA0205FB06060E1A1C03FB0115A8
:108D700014161E1A17180702FA09090C0F01F7FA40
:108D80000A0C060001070A02FEF307070B10131A6C
:108D90001E130F0005090F120302FC01050407054D
:108DA000050C0F0BEBEDF5FBFF080812150D19086C
:108DB000080B110FFA01F804080504FCFE040B0867
:108DC000F3EDF1FB01F8020809090B16110DFE067F
:108DD000F6FCF90402FFFE030AFE0B01E4EFEFF6D6
:108DE000EFF3F6F60006110E121109FBF8FB0B006B
:108DF000080202FD02F8FBF8EDF0EFEEEBF5FBF4F4
:108E0000FB0A0F08180C0506F906FC01010D040009
:108E100003FE01F7ECF7EEE9F4F1F1FCFCFB0713BC
:108E20001518080409010A000503F5F1F4F8FEF528
:108E3000EEEFF8E8EBFBF102FD080C0E0B15060A4D
:108E400008FD03FFF7FFF8ECFDF5F8F4F2ECF6F59A
:108E5000F500F2FBFEFF0A0E100E050D08070200DA
:108E6000FCF9F7ECEFF3EEF1F5FAF8F1FEF9F9F7AA
:108E7000FF0004090E090B100C08FEFFF7EDF0E9E6
:108E8000E8EFE6ECF700F2F101FAF801010303075D
:108E900009081006060103F8F4E6EEE1E5EBE4FB51
:108EA00001FCFCFDFEFFF8FC00FB07080A0E0206B1
:108EB000030A03FEF7EAEBDFE1E7EFEBF7F8F6F47E
:108EC000FEF6F5FFFAFD04FE0304090804FAFEF6B7
:108ED000F5F5E8E7ECF2F7E9FEF9FAFAF0FDF8F259
:108EE000FEF6F8F9F7FCFBFE0303F1F3F5F2EBE90C
:108EF000EBF6EFF4F9FCF506FB05F9F9F301FFF2E7
:108F0000F0F9FD00FBF703050D020708040B0C0444
:108F1000F9F8FFF1FCFB0101F4F8F70301F7010494
:108F200007F9030AFD0B020504090E04F4F7F7F331
:108F3000F4FAF9F2F6F9FD00060F09120F0E120409
:108F4000020205FA01F90102F6EEF2EBF4EBECFE97
:108F5000F901FD080B06161112090A0FFEFDFBFBB5
:108F60000003060BFCF9F6FCF6EDFCFEFC0408150C
:108F70001110171E110B0A030FFAFCFFFDF9FD0477
:108F8000F6EDF4FAFBFBFFFF040012162115211584
:108F9000180F0CFCFFF8F6F4FC07FD0DEEF0F2FAEA
:108FA000FD0313130C1715211D191C111B080D05AA
:108FB00003FC0000F909FE0DFAF7F30205100C118D
:108FC0001E192018141110170B0E100700F802FBC1
:108FD00005FF0207F5FBF30709091A1C2220151EDD
:108FE00010070406121313070303FEFE02FB010F12
:108FF000F5FA070A011611191E161D0305FBFB12CF
:1090000014190A050F080405FF01050EF3040301F6
:109010000B121A22150D09FFF7EE010C12140F1096
:1090200008090B0B0A0E0F13E7FF0A080E0C1014A9
:109030001407FDFBF7EDF306FF0A09FF050D100D00
:1090400013140F15ECFB00FE0E1008050D00FDF5C6
:10905000F2F2F100FEFEFBFB0303FA090A0B121306
:10906000EDFCFBFF0B050910100FFDFDF907000BD0
:109070000AF6F7FB04F9FFFE0F0E130DF5F1FD00E4
:10908000FD04070B1406090A0D0F13130E06FCFB53
:10909000F7FFFBF9070E0B12F2F6F5FD07050508C1
:1090A0000B130C1D1619161F1212010705FC03FAEB
:1090B000010EFF00E9F5F5F9FAF900100A121D1A80
:1090C00019231A191313090705FDF8F8F6F304F22A
:1090D000EDFAF20208FCFE070F0D161D1D1C121FF3
:1090E000190A1209FC05FFF3F0F6FDEDECF3FCFEA6
:1090F000F9FFFE0413171C160E1615121616090199
:1091000003FF04F9F5F5F0EBE2F5FEFB00090510AD
:10911000141A181B171B2321160F1406FFFD070036
:1091200003FBF3F4E2FFFCFEFD0212131318121A04
:1091300011161916181713070208FF0101FD02F98D
:10914000EEF4FFFC0203100B191311111A151C1772
:10915000181A151310030F0E000BFD03F1F3F6F6AA
:109160000B0704120A0A18091A171B16141C070900
:109170000E0C1111FE00FF0BF2F0FB0000FC0105CC
:109180000C140F0F141210101112080FFE0E05060A
:109190000B09040FE3FBF3FB04FEFD0902031006B9
:1091A00013060D0D0F0E0D0709FAFE000709040C3A
:1091B000F6F7F9FCFCFBFEF7F6F80101070C0706D1
:1091C0000203F5F4ECF1FB0405FCFE04F601F6FAEB
:1091D000F3F3F1FCFCFAF7FEFAF6FFF6FDF1F9E322
:1091E000EFE8E6F500EFF91000F0F6F0F4FAF4EA33
:1091F000F1EDEAE5EEE5E5EFEAE5DDDEE9EFE8FED3
:1092000000F9050DFCFE0203030F0A0C0E131123D7
:10921000211821180B08FEF9F1F9F80202FA0601EB
:109220000301090A02FE010908130D19191A111A7E
:10923000191416100504FFFB000A0E0C010402FAB3
:10924000FBEFFAFAFC0201FD060A0D0C0A17130CDB
:109250000C0506FE061411030002FDEDF4F2EEEA21
:10926000E0DFEAE8F0FD050A050D0511010803FC41
:109270000007FF02FFF7F0EDEBE9E6DED0CEC9D341
:10928000DBECEDF3F908010407F7FB00F8F7FBF955
:10929000FDF3F1E7F0F6E3E2D6D2CAD8D6EDFAFB59
:1092A0000600030005FAF5FAF4F8FBF2F8F3E2F32E
:1092B000F5F3EFE4D5D3CFD1E5FCF703070A0308B4
:1092C00003FAF5EDEDF7F0F1EDE9E9F8E6E9E2E0B2
:1092D000CFCCD9E8F003FF07090003FD0504FDF931
:1092E000F9F5F5FFF4E9E6ECE5DFD6D3CECEDAE723
:1092F000F007090702090A040E0A0107FCFE00FA3A
:10930000EAE4DFE1E1DFD2D1DDDAEAE7F6FC0414DA
:10931000110E0A08151C1916160F0205E3DDE5DD0E
:10932000E2DCD5E4E6F1EFEBEA0007130B050F18DA
:109330001C202020180F0909EEE7E5EBDDD9DFEE50
:10934000FBFDEBDCDAF00209FD05080F1E282E27D5
:1093500023151113ECECECE7E9E8F501FBFDE2D88D
:10936000CBEEFBF70900030A192721281B160E0A6A
:10937000F7F2E2ECE4F600FCFAF0E2CDDEF70401ED
:109380000C0506080C0D0A0F0D040711F1F4EDE4AD
:10939000F4F805FDF8E8E2DAED01150B0E0F090D02
:1093A00003F5F5F6EDF2F609E9F2F0EDEFF2010062
:1093B000F7E6ECEFF9131412160F0EFAF1E9E6DEF8
:1093C000E2ECF2FEF7F5E8E9EDECEDEFF4F6FE0580
:1093D0000E0810100D02FEF2D8DBC7D6D7DFE5EF7E
:1093E000F0F1EEEEEDE8E7FC0500020D0B03040CD6
:1093F0000209F6DAD8CFBDCED6E4ECEDF6F6F3F8F6
:10940000ECE8ECFAFD0B03090D020A0400FBF9E697
:10941000CEC3C6CCDCE4F506F4F9F1F9F7F90403A0
:10942000050A01080409FE0C0600FAECE8DBDAE4A0
:10943000E8F5060DFDFDFEF6070A03080E09000417
:109440000D110401060B11171001000505050C0D87
:10945000FAF2030308090B0A0D090F1105040A0F9C
:109460000E1C1B201A19131911111810F4FB0307F5
:109470000C0C070C071008120A0D0D0C111D2325EA
:109480002525282E2B23190EFEF505050C020904AF
:10949000080605090B0B12110F232925392C272843
:1094A0002D1E1916F1FC0407FFFD04020503080632
:1094B0000A11131A1A1923292A302F2C2825190CBE
:1094C000F7F6F8F603050D0D130B110D161814140D
:1094D0001F2522182F322B2A25201F14F5F7FCF503
:1094E000FBFA050614111B161E201F1C18242A2621
:1094F0001F222D3022201914FAF2FAF1FAF7080E81
:10950000080712090D1B1520191E170C101E161D19
:109510001D2215170AFB111312070A0A040B071163
:10952000122922241C100B09130409FEF6FEFF0861
:109530000C0706110D16180E1607101F1E161C1903
:109540001D0F171304FE00F8F2F5FFF8090A1525A0
:109550001C1316101C0E1D1E1F1D1E1C201E110587
:10956000FE02EEF3E4EFFCECFF0C1A121717090FE2
:1095700017122213181725141C180C0000EAE7D73D
:10958000D5DBEBEBFA10041A0D100C0C110B0711C4
:1095900009151A1517150D03F0E2DBD4D0DAEEF930
:1095A00003140C1411091007030B0307FF071A1308
:1095B000171501FFE7DBD0D0C9DFEDE70E13100A66
:1095C000100B00FC0701FF040611131C151202F713
:1095D000E0CAC3C4CED0E2EF0E080E0C0805070C9B
:1095E000040C01FDFC0F16231D0900DEC6BCB9BC2E
:1095F000D1D8E5E40F090A071010080102FCF8F0C1
:10960000FE0E222C2815DFC5B2AAB4C4D4E0EBEDBF
:109610000C0D151009040CFEF701F6F1081F32417C
:10962000330BCDA899A6AFBDD8DCF4F5110C0C1105
:109630000F0E1001F9F4F8FF0D293C4B350ABD9FC0
:1096400094A7ACCACCEDF7EF190A160C0C0A080166
:10965000FFEDF6021D2D4D4935F8B0A49DA1B5C210
:10966000CEECF9F5010C15170B0806F8F3FDF20422
:109670001E32444E22DCA9A8ADBABECED6EBF0F322
:10968000020A0C0C0702FDFCFE00091321314231D5
:10969000F4CAA7AFBBC8E0E4E9F0EB0307F9FC02AA
:1096A000FEF8FE07FD11051A252E2918E6B8ABB6FF
:1096B000CBE2EEF4F6F8FDF8F7FFF9F1F8F1FC0271
:1096C0000B16111A1C2923FDCCB5B9D6E6ECFFFC0C
:1096D000F80102F40401F9FCF1EBF7050914151A7D
:1096E0001D1C0AEFCBC3CFD9EEF2FCFFFDFCFCF949
:1096F000090A09F3E5EFFA0E150F111A0F1105E625
:10970000D0CBDDE6F4F9F400030BFF04100604F7F8
:10971000FAFCF903081111110B0FFCF1EAE1E4E680
:10972000EAF9F9030C03FD04180AFFFA01FFFA0332
:1097300000040B0C15161208F3F4E5E6EBFBFB0432
:1097400007FAFA001E120102FAFEF9FCFE040D0DE2
:10975000150A0D0503FAF9FAEEF4FBFB03FAF1FE24
:1097600016100402F902F7F9FEFFF7020E130E06B7
:109770000703F5F5ECE7ECFE02FEF2FF0F1E160EF6
:1097800003F4FDF5E9FAFB040405050706FC05F8FA
:10979000EBE9EDF4F4F5F4020A0F140C05FEF0F118
:1097A000ECEEF6F4040C0C08FD020904F1E4F0F709
:1097B000EFEBFCFDFE0E010902F9EDECEDE3F6FC2A
:1097C000FF0B0D0807081209F9FCFEF7EEEC01F695
:1097D000070604FDF7EFEEE6F7EEEFFA07FE0505E4
:1097E000040C1409FEF3F6F9EDF7FCF7FFF9FF039B
:1097F000F5FBE9E4F1F8F5FAFAFF0A0306051203AE
:10980000F6EDE5F3F0F4F9FC01F0060300F5F7F6E8
:10981000ECEEF0E7EDF5F6EEF9F107F4F1F0ECF42B
:10982000F6F5FC0506FFF5FC030BFEF9F1E9F1E1A5
:10983000EEE5E7EAF9F6F603F2F2F604FEF8FC05C7
:10984000FB080207FA0901F4EFE9D9E3E0E2EBEFE4
:10985000F8FCF5F9F0000007FBFAFE090A0DFDFB24
:109860000F061109F7E2E0E1EDF2FCFDFDF8F6FA72
:10987000F60404FC0B060005000D0D171A0A100172
:10988000EEE2E7EBF600F807FA050105081304120B
:109890000B0F010E1E14140A1913080800E7E7EA5B
:1098A000F4FC14100F040A0A0A100C160A0A0C0B16
:1098B00012101B0F0E061002FCF1E9E9F60B16164A
:1098C0001B11121B1F181719100D0E11131B171D3A
:1098D000120B070BF9EFE5E5F9081C201B1B1D22F5
:1098E000141C0F130B070A11190C14110F0B0A0586
:1098F000F1F6DEEEF1071D20211B1C0A0C0105010B
:10990000F8FF0309130D0A160A091407FDF3DBDD3E
:10991000EA0E1015170BFBF8F2E5E0E7DFE9EBF2D2
:10992000040A0704050D0B0301F1E5D9E8F90E104F
:1099300008F2ECE0CBC2C8CDC8C9D9E2FD03FF03F1
:10994000030B0902FEEAD7C2D9F30201F2E0CFBF4E
:10995000B4BABDC5BEBFC4D9FFF2F4EEF5F9F3F455
:10996000F3DFD1C2CBE7F9F5E7DDCFBEBAB6B8B8C1
:10997000C5BEBBCAFFF0ECE8E4EAE9DEDFDACDC43D
:10998000CDF004EEDAD7C6CCC4C4BECABDC4C5C1CE
:10999000EFF0E1E4D2D8DDE7E8E0D8CBD90210005F
:1099A000E9E4E1E2E3DCE7DBDAD6CCCCDFD7DADBF3
:1099B000DBDADAECE6EFF1EAFD1C1A09F8F2F1F66F
:1099C000EBEBF4DBE7E1E0DFDBD9DCD9D9E6E7F963
:1099D000F5030407081B281A0EF6FDFDFFFCF0E650
:1099E000F1F9E3EBEEEAE5E6E4FCF7FB0C030E0726
:1099F0001519230E0F0806000400FC00FEF6F0EE19
:109A0000EBF2E3F8F905050514190E120D181A11F9
:109A1000070D010E07060D090A050902F6F9F900FE
:109A2000FF0E0E1112180E0D0E1017110F0A0B0B50
:109A3000180C16111013120BFCFC060F121913153B
:109A400011141711150914191818201922151318B3
:109A50001919160CFC060E191B1B19131611130AE3
:109A6000151217181D1F1F231D212013211115204A
:109A700004050F1C181A171C19190F150E171118A9
:109A80001B1F1E1E2520202424101312010E0F144C
:109A9000101E111C111B110D130E09141212211589
:109AA0001D1B1C1C1B16171406FC050C0C080C189F
:109AB0000B0E0F0609110D0A0A1809111B19190FAF
:109AC0000F1C0B050109FF07070E0D0512161012DA
:109AD0000B0806FA000306150D030B0A0E0D02FA19
:109AE00007FE0C070A0C03060903030507FFFA0229
:109AF00001FB07FCFCFAFFFA030AFEF601FAFA077B
:109B0000FD020101040709F9F90403F8F2F5EFFD7C
:109B1000ECF6F4FCF2FC00F5F3F2FFF9F5FEFFFCC5
:109B2000FA09FB00F4FBFBE9E8ECDFE2EDEBEFE820
:109B3000F7FBF300F4F6FDF1E7E2E1D9D4CBC9CAB3
:109B4000CECAD0CECBD2E9E4E9EFF6F5EDF4FB00D6
:109B5000FC02F4F4EAEFDBD3DAD4CFCDD1C8D9D903
:109B6000D3E3E0E1E2E9F3EAF6EBF6FFFAF907F90D
:109B700004EFE9EAE9E0E5DDD7DBE6EAF3F0EBEB59
:109B8000FAF2F2E4F1F2F5F305040301F700FFF84D
:109B9000F5F1FAEDEEFAFC02F90102FD01F7F7EE3C
:109BA000EDFAF3F60108100B030309FDFDF8F800C8
:109BB000F5030D110E0915130F0905FDFFFAF8FD48
:109BC0000F0E0F0C060B080604F601080203001026
:109BD000160B140C131708010402FBF30C1B1807D7
:109BE0000F06080700F6FD07000D100E0F0E0F16EA
:109BF000090F04FF05F6FD02101A1A0D0C0B09FFE0
:109C000004F8F90407140D0602070D0E02070609F1
:109C1000FCFBF4F81E18180C09100D0207FD080FC4
:109C200013110E0A08FB0106FF06FFFB0503F7F7F9
:109C300015170B0D0D0611020B00121919120F0C3E
:109C4000FD080F060B0A0D03FF02FC02180C0F1390
:109C50000B1002050909131B1D16050AFE000A0652
:109C60000A1001FEFB0A00000D0F020C0B00F8F6B3
:109C70000207070914110E04FB030712130D010458
:109C800004FD06FC0E060804FFFDF8F3FA0B0913A9
:109C90000D030AFD00100E12150F0AFE02FC01ED65
:109CA0000F040300FEF9F8FB050B030A0501040885
:109CB00003151A1810161208FD0101F8FBFA02F735
:109CC000EDF2FDF5090809181013131917181E16DF
:109CD000141E0DFFF4FFF0EBFDFAFFFAF4F8FBFEA3
:109CE0000A040D18111B1818180C111E231A08024B
:109CF000FAFAFDF009FBF8F9F3F0FAFF030B0C0890
:109D00000A1021151412102121190E02F9FFFCEA84
:109D100002FC02FAF9F6F2F2F8FD01FF061019173B
:109D20000A141622201306FCF5F6EDEF0901F5FDE5
:109D3000FAFBFBEFFCFEF3F8FCFF0611090F131E04
:109D4000171103F9F4F1EEF006FEF0FCFCF1FAF95C
:109D5000F9F6EEF1FAFE0304020F191C0F120F05BB
:109D6000FCFAF7EBFEF7FBF4F1F7F1EDF8F4F9ED9F
:109D7000FAFC00F50810140F0D0F1309FBF3F0EBBC
:109D800007F9EDEFF0F6F1F0EFEDEEEFF7FEFBF88F
:109D9000050A07170C0E040002FEFBFC01FDEDF89E
:109DA000EFF5F2F4EFF5F5F5F6F900FD040A171AF0
:109DB000190A0B0109F7FAFA05FDFEF5FC02FFF995
:109DC0000205FA00FC01FE0707110E17190D1A0D06
:109DD0000CF8FB050D02F906FD0405FEFC0A060A57
:109DE000FF08040712151017101A0C0C0D02060BB1
:109DF000FE03070A020607090C0A0F08060A0402F6
:109E00000E15180E111214120901070001080E098F
:109E10000B0F0D1312131709091003030F111A1B4F
:109E20002115151718140807040A170D14131E130B
:109E30001A1B0F0E18191B1924272B1F2C1C1B1E55
:109E400020130FF904FBFCF3E7EEF6F7F6F1F6FA50
:109E5000FCFCF0F0F5F6FAF4F901FC07080AFCF94D
:109E600000FEE8F7FEF3F5FB0001000401FF03FB31
:109E7000F8FAFB02FD01F504070501FF00F5FBFB05
:109E8000F9FD00030003000E0A070F0C0906030288
:109E9000FBFBF9F4FBF9FDF9FAF5F7F8F3F4F5013A
:109EA00007FD0A060D0F1A131C100B0407FF01FF14
:109EB0000701F602FEF2EEEBFAF2F5F4FB060609F4
:109EC00018181E17191C1F150A090108FE010000A9
:109ED000F8F5EBF7F2F1FBF7FC020212161C202753
:109EE0002517161B11100DFE02FE0302F3F2F2F409
:109EF000EFF7FCF9030C09121B1823162022191482
:109F000013110B0E0E0CF8F5F4F3EBEEF906000648
:109F10000509111521201D212721242214100F07C6
:109F20000A0703FFFBF9FFF9070C0215080F1921B7
:109F300021231D252724281C18171B10070A030896
:109F40000705040A0A0A0A09120C201B1B18172904
:109F50001B1B190F160F13080706FFF9F705070853
:109F6000030D151215120806040A050F100D080A34
:109F7000080B0B04FFFA02FBFD0A0E030F09110B7D
:109F800006FB01F3F1F3F7000AFB00000301FDFEFD
:109F9000FEF4FFFC0A070C010C040DFB00F2F7ECC9
:109FA000E9E9F8F6F9FBF5F7FC00FFEEEFE8E9F375
:109FB00003090F0601FBF8FCF3EDE8DEDEEEE7F047
:109FC000FBFDFFF9FFF6F5EDF0F6EFE60402FCFF0E
:109FD000F5EE00F1ECECEDE9E8EDE3F0F502F5016A
:109FE000FBFB02F6F2F2F0E702FC00FBFCF9F4F9ED
:109FF000F4F8F2F8F0EAF4F4FAFE06FB0C08FEF7C7
:10A00000F4EDE9F1FAF6FB02FEF7F6F1F401FBF5E7
:10A01000FAF70206FA0400020D030104F6FEEFF659
:10A0200001F5F9FEFFF1F4F5FA0105FC02FEF6FB7D
:10A03000F704FC0A060FFB04FBFAF2EFF8FBF0F75B
:10A04000F8F6FCFAFCF9FD050003F2FFFAF9FF0E41
:10A05000020605FAFDFBFCF0F1F5F4FBF4F8F0FC68
:10A06000F0F7FC01F8FFF9F4F7FE04FCFF07FDFB35
:10A07000F4FD01F9F6EEEDEEF5F1F0FBFEF3FD0077
:10A08000FEF8FBF8F9FFF8F3F7F9FEF7FFFC07F825
:10A09000F4EFFDF4FAF0F7F9FC06F9F8FCFEF6F837
:10A0A000F7FDF4FEF2FB0004FC02FEFEF400F2F405
:10A0B000F5FDF60106FF0602000102FFFD03FBFDB0
:10A0C000F6F8F4FAFD00F9F6FCF6F902FCFE06FDDE
:10A0D00007050E050007000203FFFBF9FEFF06F56A
:10A0E000F0F3FEFE07F906FDFF09FF050603060370
:10A0F0000C020806FAFBFAF7FFF6F702FAF3F6F796
:10A100000303090E0306000F0A04FEFF06FD00FC10
:10A11000F903F5FB02F8FAF1FBF4F1F40910141459
:10A1200013120B0D0E14040F0709FE08FA01FFFDB0
:10A13000FAFAF90AFC01EFFE0B151717171A151694
:10A14000121E1B121314191208030F0BFD08070B24
:10A15000010A0C0300F4EF01F709131E1C1312147B
:10A16000201B1C0F150B211D231B0E1A2427120464
:10A170000AF1FEF505050B0D0C0F08030E10101566
:10A18000141C1F2B23211610172205F50BF10107B4
:10A1900001060A1713090B161D20201F3131323317
:10A1A0002D1D0C08FEFB00F6F800FF0307FC031151
:10A1B0000B070C0E1E1F232A323B28290FFCF1D659
:10A1C000DBE0DEEAF4EF00FE03F710FF070E0711F5
:10A1D0001117222E1D14FDE7D7C6B9ABBABFBFCEEB
:10A1E000F6FDFF00000200FC0505FD06FE0204EF7F
:10A1F000E2CDBCA6928598A3B0A9BAC2EDF0FFFF4C
:10A20000F704FD00FDF6F2F5F3DCCFBCA5918288E2
:10A2100084819DA3B5B9C5D1E9EEFB01F2F9F6ED54
:10A22000F4ECE3DECBC2B49F8C8E8C9B9CB1AFBEB2
:10A23000D3D4E5DCF2EFF9F5F1F1F4FAF0F0E1D086
:10A24000D5CCCBBBBED3CDDCE5EEFAFE0802070DC4
:10A25000F4FBFFFFF2FAF8FBF5EDE7E5F9F6F90399
:10A260000F221F2E2930271C23211A2205060C023B
:10A2700001FEFDFDFD01060B191A29363B41484C34
:10A28000423939303B35303407020AFE01FAFAFC14
:10A2900003070C1520283438483F3D3D373B3E39F5
:10A2A00037333A360A04060AFDFA0307FE0B0F1786
:10A2B00017292E3840372B282A26292F36303234BA
:10A2C00011090807FE00030B081315181A1A222497
:10A2D0001909FFF8F8060615171B3128120DFF059E
:10A2E0000B0704020A0D120B0E0C0D03F8E7E3E551
:10A2F000E1E7EAFBFB0817160706FCFE02FF060172
:10A300000E090D070101FCFAF4EAEBE3E9EAECEDD2
:10A3100001F606FEF1FBFCFBF7FEFE0800FF05025E
:10A32000000402FCFEF9ECFBEDF2EAF7FAFEFAF5A6
:10A33000F8F3F8FDF5FCFCFE0309080403070AFB2B
:10A34000FDFBFA00FDFBF6FAF3F3F3EFEFF5FCFE8D
:10A35000F3FEFDFE000705FDFBFB0404FD01FE030B
:10A360000701F4FDFAF1F7F6FAFFEF02F6FE00003E
:10A37000020602FD00F7F8FDFB03FD000205F1FDFA
:10A38000E6ECE8E3F4F9F3F804FE0303FFF9F6FF63
:10A39000FAFEFFFBFAF1FAFF04FBFBEBEEE2E8DC6E
:10A3A000F6F4FAF7F2FFF6F401000002FCFCF9FC07
:10A3B000F3F2F6F401FBEFF3F4E1DAD7EFEFF2FC9E
:10A3C000F2F5F1FCFEF9F80702FBFBFFF3FFF3F2F5
:10A3D000FBFBEDE0E5E2EAEBEFEFEEF2EFF6F0FA91
:10A3E000FEFC09FCFEF9F2FDF9F6F4ECFEF3F3E5F0
:10A3F000EEEFE9F6FDFCF2FBFBF7FCF3FEFDF9FDE9
:10A40000F6F1FBEEF9F2EFEEEFF2EBEFF7FD00FF06
:10A41000FCFAFB010300F9FDF7EFEFF3FCF7F7F7A8
:10A42000F2F0F000FDFE00F3030B0103F80601FC5F
:10A43000060007FAFBFBF9F5FDF000F4FFFBF50160
:10A44000030305FDFB02FFFA0206050708061106D5
:10A450000B03030F0A0505080E04080C030710FF81
:10A460000501060B010600F9FAF4F3EEE0D0CCC6C4
:10A47000D0D9E7FA08070D0A0F110B0D1F18110D9F
:10A4800004F7FBF3F6EFDFD8CFD5C9C7CADEE7F193
:10A4900004030F1719181113140A0A0F04FAFDF612
:10A4A000EBE8DBCEC0C3C2C7D3E3F3F70A0F16163F
:10A4B000161717120E0B0E16F5FCF7F0F1E1D1C3CB
:10A4C000BBBEC8C1CFEAF9070C151D2120130C1320
:10A4D00006090314FFFCF4EDE9CCCDC0BFBFB9D031
:10A4E000DCF8FC0F131C251E1C0F0C0E0307040FB9
:10A4F00002F2F1E7E3CBB8BAB4B8C1E2010D10192A
:10A500001C2822210E110706FB09081401F0F3DFB5
:10A51000DECEB7BABEC6E4FC181F1B1B27251C10D5
:10A5200006FEFE02F7FC05FEF9F4EFE1CDCDBEBB61
:10A53000C6E7FA1E2629272A271D14FDFCF3EFF390
:10A54000EFE8F1FAF4F6E3D4D7C6BBC1DDF518287D
:10A550002929232E1F08F3E3E1E1E9E3ECEAE4F122
:10A56000F2EEEFCFD1BFBDC8E3092026261F2B2175
:10A5700003E1D7E1D8D5D6DEDADFDFEAF1F6E8D4B9
:10A58000C8C0CAD4FB1E2929261C1B07DDD5D4E46C
:10A59000E3DCDCD6E0E0D6E4F6EBE9D2D3C3C8F4E2
:10A5A0000828271E241AFEDFD3D2E4EAF3E8E5E503
:10A5B000E0E0D2DE00F9EBD3C6D5E002162B231D76
:10A5C0001610F7D9D7E4F60100FEF8F2E8E8DDDA74
:10A5D000F1EDE0D6D7D6ED03181E261E1403F2DEE9
:10A5E000E8F103090C02030DFBF2EFE4EAF4E4D412
:10A5F000E4EAF9101012141C0EF8E9E1E1EFF2F4AC
:10A600000600080F030604F3F0FAF6E0ECF2F60495
:10A610000809100801FBEEE4E8EFF8F7F6FF0E1367
:10A62000080907FCF7EBF0EDF4F802050A010A014E
:10A63000FE01F0E3E5EBECEFF6FE03100E0F10FB6E
:10A64000FC01EAF5FCFA0B070A010608FFFCF1EB36
:10A65000ECEFF2F3FCFC070C0F0807F9FAEEF3FD40
:10A6600002050106FCFBFC050906F5E8EAF2F3F237
:10A67000F9FE0A0B090E0C05F6F8FB02FBFF07FFBB
:10A680000100FD0407FE00F9F2F2FAF3FEFB0210EE
:10A690000F160F01F3FCFF0A010608FF03F7FFFC8A
:10A6A0000E0E040BF9FEF6F4F9040113130D100558
:10A6B000FCF90105FE06FCFFFFFB040C0A0D160762
:10A6C0000400FFFDFA0107111613040AF1F3F4FD6B
:10A6D000FD03F7FCFFF8FAFE050A0D0C0002FCFC76
:10A6E0000909110F0E020D0FF901FCFFF1FB020029
:10A6F000FFFFFF080F080D0C1407050D0C070C11C8
:10A700000C070003F803FBF9F4FEFE02FFFFFD0156
:10A71000FF0C080F0F1614120B06080D04FB04FEA5
:10A72000F5060600FEFBFFFEFBFE06FE090B1410FD
:10A730000A1212070E0F0704FEF5F3FA00FFFD09D7
:10A74000FFF9FB000800090602070D000A0C090DBD
:10A7500006FCFCFAF0F2F0FE0101FAFAFDF6FFFA4F
:10A760000A0101FAFAFCFDF800F3ECFDF2FBF5EB4F
:10A77000EAF40506FFFD03070F0608080AFFFFFDC0
:10A780000A040905050703FC0005F9FAFDFA06F2BB
:10A7900005020201FFFBFEFAFEF6EDE4E8ECF0F440
:10A7A00003F507FBF9FBFBF50200F4F9090A0CFEBF
:10A7B000F3F7F5FDF7E9EAE7E0E9F2F7F7F5F4FE7C
:10A7C000F602FBF90203F3F30E0DFD00F1EDE9E3F0
:10A7D000E6E3E3E8E5E7E5F0F6F7F4F1F1FCFCF396
:10A7E000F8F6F3F7040301F3F2EDEFF4EBE4E6E639
:10A7F000E6E2ECF0EFF8FEFD0A0004F7F5F9F7F6F3
:10A800000304FBFDF2EBF6F0EBFBECEFF1F1ECEF08
:10A81000FFFAFBFC000103FCF5FEEAEAFB0CFEF983
:10A82000FCF4F3F4F6EEF8F7FDFB01F9FAFE020290
:10A83000FD03FC000000E9F20A0F00F4F7FAFCF750
:10A84000FFF701F9FAFDFC0209FEFC02080603FD10
:10A85000F901FAF00A040DFD05040109FC040504E0
:10A86000FBFC0800FF030403FEFA00FE09FFF7FEED
:10A87000140F08100108030D0C0A0905F6F802036D
:10A88000F7FD02FEF7FAFAFEFFFFF5FA17150B0FB8
:10A890000B09080D0710040704FFF1F2FBFEFBFB98
:10A8A000F8F5F9F907FBF2F2150C0F060C0B13196A
:10A8B000160E0CF8EEEBEBE1F5FDFFF4FAEFFBFB07
:10A8C000F9FFFDEF0407070911141116170B06F223
:10A8D000D9D4DDECFAFCFFFFFDFAF0040102F4F438
:10A8E0000207070805120D1105F9E8D3CCD5F4F7D6
:10A8F000040307020502FE0D0E0C0C0BF9FDFAFE17
:10A90000FC040700F1E4D1B9BFE3060E0D110C08F9
:10A91000040D0208140C1B0DF8F1FBF0F4F4E7DE53
:10A92000C6ACADB1D705221D0F161008FF070B08E6
:10A93000000D171AFBEEECF2EFF0D1B99D97A3CB07
:10A94000092626221711060B03040203FD04090E33
:10A95000E6E2EEEADBCCB6A39EAFD50E26362E2578
:10A96000130D0BFDFF0605FD00FD0103E6EDE8DF1D
:10A97000CBC7AFAFBCD701282F3D331C150609FA52
:10A98000010A030203060B07E6DBD8DAC5BBB5BA3A
:10A99000D1F31835362F291D0C100C050C0E040AA6
:10A9A0000C0C0901E4DCD3C9CEC3CADAF5122126A6
:10A9B0002D2B292310140E0B140D120C0C09FA0662
:10A9C000DBD9DBC3D4D7EBFA020B151B1920191EF8
:10A9D0001A1214130E0C110A110F0806DEDCD8DE51
:10A9E000DFEBFC00090E11191A23211E11150B0BA8
:10A9F000110D0E050F100D0BF0EDE7E9EAF70A0D4A
:10AA0000120C0F121C1B1819080B120C12140F0B2E
:10AA10000906120BEFF3EAE9F90B080D0C161610F4
:10AA20001419130D07110D15100C01030404140360
:10AA3000FDFEF1F30102FF0F0D111719110D130C9B
:10AA40000708FE02021209FB06110F07F5F1FF01CC
:10AA5000FD0E100F1A0B0A0E0A0501F6FCFF020983
:10AA6000FB0B010F08151103F9F9F4FDFD0B0F0A9B
:10AA7000181406060605FCF5F4F4FEF8F9000A03BE
:10AA8000FF0505FDF8F7EEE5E4E8D5CDD5E0DFE913
:10AA9000E4E9E7E8F8F1F9F8020D060A08F8E8F940
:10AAA000F0EBF2E4E4D8D2DFD3E7E5E2F0F4EDFE38
:10AAB000FFF8FC030002100402F7F002FEEFE1EBE6
:10AAC000DCDEEAD2DDE7EBEBEAF1FAFCFEF90804A2
:10AAD0000A090E070307F8FDF4F5F1E4E6E6EBDA00
:10AAE000E5DCE3F4F7FC0102FEFFFFFC0C06100FAF
:10AAF0000F080405ECEBEADCEDE2EDE0DCE3E8EB6B
:10AB0000F9F900F0F3F4F20A0A1316141118100EF2
:10AB1000FAE8E8E2E6E5DBE1DEDFEDE8F2F1FBFD95
:10AB2000F1F9000B070C090C0E1D180FFAF0EAEAF8
:10AB3000E7EEE1EDEAE2EFF7F8F7F9F0F1EFF6060C
:10AB400002120D1115151711F700F2E5F4E6ECF2FB
:10AB5000EAEFEAF8EFF8F3F6EFF1F7030A0D0A0B64
:10AB60001414221DFBF2FAF2FBF1F1FEEEF4EDF506
:10AB7000F8F1EEEFE4E3F40A0A06100C1711141CC6
:10AB800003F8F4FFFAFDF9FE00FCF2FCFEFDF1ED26
:10AB9000E2DAF8060A070A080D142121FBF4FCFB8F
:10ABA000FDFF0606FF06080C0302FAE4E5E50010C7
:10ABB00010150A0A09131A1D02FFFD00FB0D0709F3
:10ABC000110E0B1E211C0AEEDDE4FE1C13120704FD
:10ABD00009171B1C04F900010B07090C1116181F9B
:10ABE0001D1D07F4EBF4111B1516090B03070818BC
:10ABF00001F8FD010D0A0E090E13141E1F1905E6BA
:10AC0000DDE9121D0E0B06060507030903F8080708
:10AC10000A0B0A0C08131A140D03F2DBE4FA0914E8
:10AC20001209120608010800FA030D0A08FF0009BC
:10AC3000070E0D0504FCEBDEDC01120F15081512E2
:10AC40000E111212FC080CFF01F702040A09060695
:10AC500000F0E8E1F70F1814130F0F0D140E161083
:10AC6000F4040509FA00F7F2FF0305FF07F2EAE929
:10AC7000FB1B20171610141A0E101117FF0B05FBE3
:10AC800004F9F4F7FCFA000003EFF3F60E1A1B18B0
:10AC90001C14140706040F10F6FCFBF6FFF4F0EC8E
:10ACA000EAF4F6FEF6F5F70919171715111214094B
:10ACB000FD010404F40201FAFBF6EDF8EFFFFDFFDD
:10ACC000F9F703070A100C08060FFF03FFF709FB4B
:10ACD000FB03FDFAF5FBF8F7F3F9F7FC03F8FE08C0
:10ACE0000C0F040CFDFEFDFEFDF6F0F5FDFAFDED8A
:10ACF000F1F7F6FBF8FCFE04FBFCFE040CFF07FE7C
:10AD000000F9F2FCF0ECF2F8F9F8FEFDFA00F807B1
:10AD100002F902F8F6FE0000030A03F800F2F3EE6F
:10AD2000EBEBE6EDF9F7FCF6FFFE0DFE0505FA008C
:10AD3000F7F5000D03FE0AFA02F3EBF0F4F1EAEF87
:10AD4000F7FDFEFF00020B01100E06FE08FEFA04DE
:10AD500005080406FBF2EAE8F3F5ECEB05FE01F862
:10AD600006010402030608FB0701FA0302F6F103D9
:10AD7000F4F5E9E6EDF5FBF3FBFE01FEFB0003FD58
:10AD8000FFFAF8FCF5F4F7F4EAEDF3F9FAEEF0EA7D
:10AD9000E5E7F3F60002F6F60504FAFD0700000405
:10ADA000050F0B0A01F801FEF3F7F7FA0605FD0D92
:10ADB000FCFF00FAF4F1FAFEF7F4FD08060100FFCB
:10ADC000F6F4F3E9F2EBF50406F807060BFF04FAD4
:10ADD000F7F4F8EFFAF4FF03FD0703FBF4EEE6E007
:10ADE000EDF2F7FB00FE010C070AFEF3F9EEF5EBBE
:10ADF000F9FE020CFF07FFFFEFECEFE3EFF5F9F3CD
:10AE0000F3F3F9070206F8F4E8F3EBF1FDF6FE06BA
:10AE1000040307F5EEE8E8F9F0F9F4F5F1F4F2FAD5
:10AE2000FDF6FCEFE9E9EFF1F9F7FF080201FAF2AC
:10AE3000F3ECEEEEF4F8FAFFFBF6FDF60908F8F78E
:10AE4000F4F8EEF0F20406090C09F8F5EAEEEFE981
:10AE5000F4F4F6F6ECFAFAF90E05FF00FCF703F34A
:10AE6000FA0A090BFDFAEEEDE8E4EAF3F6FCF6F374
:10AE7000F7FEF5F606030C02000405FF0805140BA7
:10AE8000FFFDEBE8E7ECEDF2EBF5EFF1FAF4F80299
:10AE90000106000B08FD04040904060D03F0F0E5AB
:10AEA000E5EAEFEEECEAFBFAFFFB020B0402030318
:10AEB0000702FFF200090005FBF2EAE7E2EFF1EE1C
:10AEC000F5F8EFF7F5FF090D17000A0300FBFBFE8D
:10AED000FDFDFA02F8F7F5F1EE06FF04F6F3F7FCD4
:10AEE000FC030A0E0E06FF040908FA01FD00000724
:10AEF00000F9FDFA090A1205F90202FDF7FEFFFE4C
:10AF0000040D000908FFFE03030205100500FC05FF
:10AF100007141C1201FF01FC0203F4FE08F80A07E3
:10AF2000000A0A08120C130701FCF708171B161079
:10AF3000090208000001FFFEFD0000020201030EED
:10AF40000D141100F9FCF90416221A0E070401FA77
:10AF50000601F7FF0A04F80807000E0E10110AFE9A
:10AF6000EFF103122527180C02FBFEFDFEF8FDF0A1
:10AF70000409FE05FA030F060F02F4F1E5F20618C4
:10AF80002525180B0000FC0100F5F0F30F04020268
:10AF9000030510070805F7DBDFF51427302C210621
:10AFA000FEF0FBF7F1F3F4EF020001F3FFFE030004
:10AFB00003FDE6D5D4FF1E37272F1103F8E8F3F081
:10AFC000F1E7EEF004F5F0F0F8F5F9F3F1ECDECD91
:10AFD000D4032F3E31221305F2DCE1DCE2E8EBF092
:10AFE000F7FDF2F0E6E7E4E4D9CDC0BFDE0D373A75
:10AFF0002D2114FADDD0CFDEDAE7E9F2F1F1F2EB40
:10B00000E7DDDED2DACABCC4ED183B37252918F4D7
:10B01000D7CDCDDAD9E2F1F2F3F8E7E8E8DDCCD626
:10B02000C7C6C4D7FC172B30242408F2DDD2C9D1FF
:10B03000DED8E8F8F9F1E2DFE1DECFD0C6CCD1E42A
:10B04000FC1C1C2229190C00E1DBD1DBE0DEEFF651
:10B05000F6F2E7E9ECDFD0CDDED9E7FB13121B1ED9
:10B06000180A0DFFEEE1DBDCE8DFEBFBFCF5F1EAB3
:10B07000F2EDDFDFE4EBFF080917161C1B121006C8
:10B0800006F3EEEAF4EEFCF9000206F8EDEDF1F558
:10B09000FB08090A232128241411151A130C05F39F
:10B0A000FDFDFDFD06F8FC040605FFF9EDEBDDD521
:10B0B000D3C5D3D5D7E0FE060F0F0615200D050822
:10B0C000FA01FD0A03F4F2F7EAD2D4C5C6C5C1D32A
:10B0D000E2F001FE07101010131A1013020502F817
:10B0E000EAF0EFE1E0CFCABEB4BBC8D9E4F3F8029E
:10B0F0000D061217131212130603FDF5F3F7EFDC1A
:10B10000CCC8BAA9AAC1BFDDF2F802050609181811
:10B110001B140D1B0A06FDF1FAEFE2D9CDB4ACA069
:10B12000A3B7D1F6FD02000D0B0C1A1E151A1B2237
:10B13000FE06F2E8ECECDACFC4BBA2A1AAC3EAFC9B
:10B140000D0C14171C16211A221A23280B07F7E3DB
:10B15000E5D8D4C9B9A89798AFDB03121E1F211DEB
:10B1600026242D23252D1F1EFAFDF9ECE1DFDAC17F
:10B17000B5A69DA5CB021D2E30302923251C2627E0
:10B180002B2C291E00F7E7E0DED4CBB8AEA6A8C171
:10B19000E71E393B352A2F2225221A1E1F22212283
:10B1A000F4EFF1D9DFCFC5B8ADA5BEDD0525382E4A
:10B1B0002A2712080BFAFAFA09040703F0F2E5D875
:10B1C000D3CDB7A4ABC1DCF90C1C32272503F6D3D1
:10B1D000D2CEC2D5CEDAE6F6E2F0ECDAD4BBB9AB29
:10B1E000C1D4F3FD0C201D1103E4D0C2C1C0B9B518
:10B1F000BBBBCEDFEBE9E4D5CFBBB1BED2EBFF09E1
:10B2000008191E1409ECE0D2DBD5D1C9C4BBC4DDDA
:10B21000E5EEE3D5CFC0C3D1E4020509141D151234
:10B220000BF5E8E9F3F4EADDCECBC8D1EEDDE1E8D9
:10B23000D8D3D4DEF0FD08090F1B1C080509FB0557
:10B2400003FBF5DED3CCD2D8FAEFECE3ECD9D9E1AD
:10B25000EDFC06FF1618190DFE0B060B0E1104F679
:10B26000E1DAD4DAEBEFEEEFEBE3E2E8EDFEF8053E
:10B27000090E0DFE080C0A0E0F0C05F9EEDADDE1E1
:10B28000F1EBE4E8EDF0F2EBF5FCFD0B0A05F9FE5D
:10B29000080C100A10070806EBE2DCDBEFEFEAE827
:10B2A000F1E5EFF8F3FD04080206FAFBFF0A1008C7
:10B2B0000F0500FCE8D7D9DBEEFBF3F3ECF9F0F275
:10B2C000FEFB0C0D0003FEFD080906040BFFFCF558
:10B2D000EDDBDDD8E7FBEDFAF6EEF600F80101064E
:10B2E00000020503FC0C070A05F901F2F3F2E6DCA3
:10B2F000EEECFBEEF9F2F6F60403FD0504FF00FFA9
:10B300000905010D0C09FAEDF2DFEDE8F1F5EAFCB3
:10B31000FDF7F4EFF8FB00F9F7FC010405040C0855
:10B320000305F9F3F5E3E4EFF6FBF5F8FCF8F4FABE
:10B33000F7F7F9FAFBFF00020200FF050D0600FA1D
:10B34000F5ECF2F5FFFC04FCFCF8EFF6F9FDF1FC7E
:10B35000FAF603FF010506040E000AFDF2EDEEFD0C
:10B36000F6FB07F9F7F1FBFFECF4F3FFF700FBFC4A
:10B37000FB02080F0804FFFDFDFAF4F9F8FBFBFAE5
:10B38000FAEEF6F1F3EDEFFDF6F901FCFB0309042B
:10B39000060702F6FAFBF9FB03FC02FD03F6EFF6E3
:10B3A000F7FAFAF7F3FAFAFBF4F3FB010706FCF9F4
:10B3B000080400F4F4FFFD02FD00110E0F120E1040
:10B3C00012080E0A0C140B1115100C0C1104FEFEC1
:10B3D00000FF0001040706100A020A080206070C13
:10B3E00010170B020B0A0E060506F9FFF8F5FA0016
:10B3F0000F0B120D03FAFBF802FFF703020B050017
:10B40000FDFFFD06FDFAF801FCF9FD0A080A01FD41
:10B41000F9FFF0F3F4EEEFF7F3F5F9F5FAF9FCF3D1
:10B42000F6F000FE050508010A0910FCF904F9F31D
:10B43000F8ECF3F2EAEDEFFEF3F2F2F7FAF601FCC4
:10B440000D01070707040708101101F7F3FAF7FACF
:10B45000FAF0FAF2F6EDEFF0F6F90B0910110E0A18
:10B46000140C0C1313110D1108FDFAF7FEF4E9F298
:10B47000F2EFF4F000FE0D0517130F1A161B1E173E
:10B48000192621100C0801FDF4F7FCF4F7FC040068
:10B49000F707101E100F1620232026252C202A1E09
:10B4A000170D0103FEFE02FD0D0D0C0F0F05121E00
:10B4B0001616172228201E2C2A2A2A2B261601FEB1
:10B4C000F4F8000A030902070C1709150F161022D9
:10B4D000282D2824241E291C150CF5EDE8E6EDF393
:10B4E000F8F8F801FE01070917FF0611141C1E1ECB
:10B4F0000E17120103F0E6E6D7E0E0E9E0E1E2EB47
:10B50000E2EDEAFA0600FC02021103FDFFF6F9F68D
:10B51000EEE2E7E5DBE6D7DECED0CDC6CAC5CDD7B5
:10B5200000F9EDF0E3F2EEFBEAF6E6E8E7E6E7F035
:10B53000EDE5F0E5D5C4BABFBBB6BDC2EEE2DEDADA
:10B54000DCDCE0E6EDE9F4F4EDF7F9FDF902FCF0FE
:10B55000E2E4CAC3C4BAC3C6E6D3C5BDC8D5DCE0FD
:10B56000E5F1EDECEAFD0408030C01FBF5F0EADF80
:10B57000DCD3C5CFDED2C1B0BBC6CDD8E6ECEEFA87
:10B58000F0FA070CFF0907FF06FE00FDF1E7DECF2A
:10B59000DDD2C8AEA8B3C3CCD5D9E3E6F2F7FC023E
:10B5A0000A09080B10100C0B03F5F0DCEDDAD0C122
:10B5B000B2ABB4BBC5CED0DFE8F3FD0C0B0D12135C
:10B5C0001E1321130C0DFCFBF7F0DCD7CCC3B9BE66
:10B5D000C4C8DFE8EB00121613171B152221152132
:10B5E0001409050604FAF4F9F3EFEBE6E9EFFC06BB
:10B5F000141C1F1A1D1E1C20221C1D1A180F080CBB
:10B600000D0C050C120C0E161A1B172821252226CC
:10B61000221C22161C1F1E1F220E0D0E0C170B12B1
:10B620002727302A372A33342729281A1C191E11B4
:10B630001A17101A1B1D0E1213200D1E2B28312D48
:10B6400034332C2F2B232228201E1C1416141412E2
:10B65000251412120A11111E1B2626273233262604
:10B660002F21231E23141815171616101B0C0B0060
:10B67000151318171A1E271D251F2A262B292519D1
:10B680001D13191313211C1B0A120A03090C1F1A7C
:10B69000080D151113211B241D1C261C261B1D1E05
:10B6A000151A131205110E10030E13120D0E071AA0
:10B6B0001F1D1B1A1F1A1C1A171A1818090A14FB27
:10B6C000FAFB020802030410150A201E1C19182494
:10B6D000171115170A080D14140509000400FE11AE
:10B6E000FD05040F1614111E110E1211110B060A7E
:10B6F0000603040508040A080509FFFDF6040B0605
:10B700001A0F12110E02050C0A0602FC0D08090799
:10B710000A0D0F04F8FD05F8FDFA0B090C0B0806DD
:10B72000070B0D02020105FF070D09FF0B050A0BB0
:10B73000020804FE0B0215190511121008FFFCFC8B
:10B7400004060A06080209FE0502070708000004AD
:10B7500000FF0C16140B0209FDFA08FB0105010598
:10B76000080A02000703000000FEF9FBFE0E0D05AB
:10B77000140D000F0302F5FA01FC050501FF050396
:10B7800004FCF9070208070602020E06060A090071
:10B79000FEFC00FA01F5FAFE02010BFE07090000AB
:10B7A00002F901FB080D04FA05FB00FDFEEFF506AA
:10B7B00003FE0500FD040302FAFFF501F501FEFD9D
:10B7C000FA12F901F9FBF2F8FAFFFF0100FF050098
:10B7D000FB030600EFF0EFF3F2EEF5000A0AFC01BE
:10B7E000F2FFFBFCF8050AFD0E0B000801FDF90055
:10B7F000EFF1F5F7F5F0F9F2FDF5F2F4EEF2FAF902
:10B80000081014110E13080A00FF01F4F8F5ECF209
:10B81000F8F7F3E903EEF7F4F3F204F70F13131F4D
:10B82000130E12020C05F800EFEEFDF8F7FCF4FD24
:10B83000F7F7F5EBFDFBF90210170F1C1A100A0BB6
:10B840000305FF0606040C110F07030DFFFFFE049E
:10B8500000FD050C0C0C0A110606FE0506090D0E6E
:10B86000111B1015111616130309041211171511C7
:10B87000120B0C01FAFC04F9010D0110171C161D26
:10B880001B22150F0C1A201619181909090704F3A1
:10B89000F80001FC070F0C131516211A1B1C191CAC
:10B8A0001518212515150D0F1003F6F0F9010B0FD2
:10B8B0000A0C0F1019190D1012130F092524201846
:10B8C0001D1E0E110A0A06FA0002051407110B0DBF
:10B8D0000C0C070F120D0B0A0F14131F1C18170B5B
:10B8E000080B180604040607090204FDFAFBFEFD16
:10B8F000F803FDF715131A190F070C140A0A0809A3
:10B90000070B0A0C05FFFD01F6F6ECF0ECF9FCED77
:10B910001004101205050603030B0A030A0A0201AC
:10B92000FE01F8F4E7EAE9E7E7EBFAED150E05F4B6
:10B93000FAFF01FC0AFAFDF901FCFAF5F9ECF0E373
:10B94000D8E1EDE0E1F0E1E005FDFEF2F4EEF5F620
:10B95000FCFDF8F0EEF6EFE9E2DADAD6D7DBDECF7F
:10B96000DDE0E3E8FFF7F9EAEFE5E9E6E8E6E3E141
:10B97000D7E1D5DCD1CCC7D0C8D3D1CECEE1DFEB77
:10B98000FFF2F3EFE5E0E0D1D5DCD9D0D0C9C0C4F7
:10B99000C9CABFCDC2D1C9CBCCDBE7EAFCF3F4F214
:10B9A000E3D9D4CCCFC6C1C7BFC5C2C2C8CFCED1E0
:10B9B000C8C2C5CAD7E1EFF9EDEFF3EFDAE0D0CFB7
:10B9C000C6C2C3BBBFCBC8C8CAC8C8CAD5D6CFD2E7
:10B9D000D8DDEDEAF80008FD020500F6EAEAD6E255
:10B9E000D4C7CDD1DBE0EAEAEFEFF7F5FEFB03F9D0
:10B9F000F600050D0E05F6F4F4E2CEC7B7BAB7BAF5
:10BA0000C8CCE0DDE7E5E7F6F7FAF700F0F5021558
:10BA10001808F0EEEED9CCB6A49C9EA9A2B2CAD367
:10BA2000E5E8F0F0FDF2FDF301FCFC06F8F1FBE7C0
:10BA3000DCDFD2C2B3A3949AA0ADB9CAC8D7E3EEF3
:10BA4000E6F0EEF20507FBF2F4F7F0EBEBEBEBE4DC
:10BA5000E2CAAAA391939DA8B9C3DADFE8E9FBFE85
:10BA60000A0CFCF30002050A00FC0105FFFAE1B52F
:10BA7000A4929297AAB4C6D6E9EEEEE70D1001FCA7
:10BA800009021107021419111207F3DFCCAA9A8ACE
:10BA90009DA6AAC2CCD8DEDEFF0E040D07140C143E
:10BAA0001213281A21160600ECD3BCA09A959DB853
:10BAB000C0D3D5EB0F150B0F0F100E0F15131B2650
:10BAC0002A221304FEF2DDC0A5A4979DB0BED1D2F8
:10BAD00010090E0F19190D1213161E2A37332B17C2
:10BAE0000B01F8E7D3BDB3B1BABBC3D50D0C0E142F
:10BAF000170F0601020B152A30322B1F161605FAF6
:10BB0000EBDCCDB8B5B9C5D6160905090803FEFFAB
:10BB1000F5F60415232925180F140607F7F2DED0D1
:10BB2000C7C4DCDE1711010204FFFBEFF7F9FA03CB
:10BB30001617110D0D0904050602F8F2D4DAEAEC25
:10BB40001108F7F8EDF6F4F4FBEFFD0111130F0FF8
:10BB5000070B0A060106FC04FBFA04FBFEFCEEE4FC
:10BB6000EAF7FAFEFE0103FE0F05050A0E060305BD
:10BB7000030918110EFD00FEECF8F6F4FDFD0007B8
:10BB800000020B030B1314120303FDFC0D0D101523
:10BB900010121206F1F0EAFFFCFB04FF0B070C0089
:10BBA000110A080C0A00FE000B0012231D140507E1
:10BBB000F2F7E8EF050B00FD0302050D0C1010086D
:10BBC0000C08080C0E1A111D140407F4FD01F1F7FE
:10BBD000FFFF09030502070D0B0D1208040C0D0DE4
:10BBE00015141B0D1201FC030AFCF3FBFD04FB08FA
:10BBF00003FEF9F4020306100F0F110B1314120CBD
:10BC00000C06020A1003FAFEFCF9FBFEFBF3F4FF3C
:10BC100009FE0704020F0612090D0D0808030703A9
:10BC2000000E03FCF902F800FCFEFD010004110700
:10BC30000A06FD0310060E0D05FE080B111008FC88
:10BC4000F5FEF4F2F5FBFA0308FE060C08020608FE
:10BC500000FA09FAF1FB00FA0006060301FFFAF305
:10BC6000FAF9FBFC04060D060904F800F5FAF1F7F1
:10BC7000E5FA02FC100C0C04FAEFFBF3FE00F906E7
:10BC800002FE08FAFAF5FBF6EBEFF9F9ECFD05F820
:10BC90000D110B04FAF505FAFC0104090903FC0077
:10BCA00000ECEDECF8FAF8F304040E0A150D0D099A
:10BCB00000FD040307050A070AF704FC02F5EFED8F
:10BCC000FEF6050B14160B110C151B1A10110A1693
:10BCD000120A151211110504000105FD07050603DE
:10BCE0000910181204FDFF07F9020800FD06FBF514
:10BCF000F601FAEFF4F0EEF0F1E4F2F7F4F404F701
:10BD0000FD06F3F8EEF2F8F9F9F0F1EDF1E6EDE900
:10BD1000EDF8F1F8EEDDE7F70401FFF6F5080AFEAD
:10BD200000FCFFEFEFEDEEEFE4E3E2EAF0FBFAF305
:10BD3000E8E1ECE8E9F3F5FFF6F6FAF100E7ECEDFF
:10BD4000EEEDEADAD4D4DDE3E2D3DEE4E4EFF4DFCF
:10BD5000F0EAEFEAEBEFEAF2FB0200ECF5E8DDE0F7
:10BD6000DDDEDCDEDFD7DCE4E6EBF8ECEFF8F9F162
:10BD7000F5F0EEFB05FDF7FCECF2EAE6EAF2F0ED99
:10BD8000E3F0E7EBF1F5F4EFF4ECF3F307F403067B
:10BD9000FDFF00F9FD06FDFAF9F4F9FEF5FC07F7E1
:10BDA000FAF6FDE8F6F4F7FAF8FC030A09F800F9E8
:10BDB000FD0409040AFCFD010A06FD08FBF802FE69
:10BDC000F0EEFDEF0001090801F8FAFFFB06130889
:10BDD0000602FCFA09010E080D0304F8EFEDFCEF72
:10BDE000FCFB0706FB09F9FAFC0B0301F4FAF9FE68
:10BDF0000400FF1300FF090508F4F0F000FA16FA3A
:10BE0000F8FEF502FEF2F5EEEEE5EAEDF60300FFD0
:10BE1000FC0303F80101FB0402FF100401F8F0F435
:10BE2000F3EDE6DDDAE0E5F201F7F10603010AFDE4
:10BE300007090110000EF303FFF5FEF6ECE8F4EB42
:10BE4000E8EA020505F9FCFAF8FF080E06000710FB
:10BE50000C0BF80204FD0300FF03030507191C1E69
:10BE60001208FCF2FBE7F6FC0B140F120D05F6F5B9
:10BE7000F7FA11030F1D1B202A2726251915090281
:10BE8000EEE6D7E7EC080F13FCFEFBE1E1ED001056
:10BE9000151B23262C26261C15070809FBE9E2E1C1
:10BEA000ECFCF700FCFCEAD8D8DFE60008161A1410
:10BEB0001E17190FFF0508000AFFF7E5ECE8EEE68C
:10BEC0000107EDE8D1D0D9E6E7DCF2F403FEFDEDA1
:10BED000F2FD030D171101F2EDEFDFE7FD07F6E1CB
:10BEE000E2D9D5CAB9BBBBC4D1DFD8E1F8FE05148D
:10BEF000262612FAEEDADEDE02FA0AF2FBEADDC9E3
:10BF0000C1C1BCBCBED1E6E9FF0A0F11181401F093
:10BF1000DDDAD7E6FC030507120400F4E2DAE3EB0E
:10BF2000E5F9FE00091E1A0F1703FCEFD2D3EDEF5F
:10BF3000110E12171910141B0B091A18160C1B16C8
:10BF40001C0C100CFE0304F1DADAECF20D05010111
:10BF500010151920202827302C281918170F031323
:10BF600004F0E2D6E2EBE3ED100300FE06191A2717
:10BF70001F2C1E23161D171505FC03FEFADDDEE13E
:10BF8000DCEAECF2F80A060E0A13101C1617181653
:10BF900014130B09F6FAEEEFD5D9E2DAE2F1E5ED8A
:10BFA00001FB0404030C0D0D00060DFF0C00F9FE4F
:10BFB000F2E5DACFD4D0D9E9EEF8E8F5E8EBF7FB13
:10BFC00000FCFBF9F5F7F4ECF7E7E2E2DAC8BEC6ED
:10BFD000C8DFEBEAF5F7F4F0FBF600FBF7EBF5EE64
:10BFE000EBEEE3DBE1CCC8D9CFC2C7D3D7E1EFF2A8
:10BFF000F2F000FDFC0201F902EEEDE1ECF5F2F8E1
:10C00000E2F0EFE2E7E7EEF3010809FEF8FF00F7E0
:10C01000F6FBF6F5F7F9E6F2E6ECF0F2E8EAEEDF29
:10C02000EFECE5F0F7FE020002F0FF1002FBF7F87C
:10C03000E9EEE4F2EEF6EFE9E6DBE7E1DEDFE1F57B
:10C04000F1F8F2F2F6FE0100F902F7EEEDECEEE89F
:10C05000EDF8FEEBDEE3E2EDEBF0EBEEF2F0F4ED0B
:10C06000FCF7F1FD01F9F4F1EBEBE7E3F4F5FEF099
:10C07000E9D6D6D6E1E9E3EEE4E7EBECF3FCFDFD2F
:10C08000F7E5F1E8EFE7E3F5F407FEEBE6EAE7D9D9
:10C09000DDDDE3E6E0F0F0EBEFF5000EF8EEE7E7CC
:10C0A000EDE8F0030B0603F7EDEAEBE1E4EAE7EE77
:10C0B000F6F2FCFF0601090EF0E1F4ECF0F0F7FEF9
:10C0C000010003FEF9F6E6F8F50003FE050B101378
:10C0D00009161528F0E8E1E5E6EEFB040B0612036D
:10C0E000F7F7F9F6FE070E1910161720181E292E5D
:10C0F000E6E4DBE0EEF4FE0B08FF0A02ECECF3ED05
:10C10000F90F1219211A22201D262D21E9DFDEE266
:10C11000F3FE0B0C080C0409F3E5E3EAECEE051161
:10C120001715132124252826E8DCDBEEEF040E0A80
:10C13000100D100BFAE8E2D7D6DDF1FF070C0C1357
:10C14000181A2525E6E2DFECF7130B0C121B1F1E55
:10C1500013FFF3E1D2CCD9E1E6F4F0FB000D1D12A0
:10C16000DFEEE7FEFC0E1819171F1D201A0B01E960
:10C17000D7C8CAC4D5D7D3E1EFEEF8FEE4E9F5029B
:10C1800007101E2121202A252C2118FBE6CFC7BF2E
:10C19000B9BAC7D2D1DEE1EAEFECFA04060A0A1B0B
:10C1A00016192A39332C250BF0DDC8C7BAB6C5CD10
:10C1B000C0C9D8E7FA020A0F080B030E10142B337C
:10C1C00033342913F9E4CDCFBBB9BCC7C5C5DCE115
:10C1D000FF110713060BF7FFFC00162E323F261740
:10C1E000F7E4D6DEC3C4B7C2C2C8D8DA030D0A1258
:10C1F0000706FFF6E8F5052229332E0CFDEAD8DB09
:10C20000D2BFBEBFC4CBD5D600040D11160800F3B3
:10C21000EBECF913252D1F05F5E6E6DCD6BBB7BE22
:10C22000CBCDD3D6FE0903080B0A00F8F9FAFE09B4
:10C230001926151304E9E1DBD5BCB3CEC8D7DCDC85
:10C24000090A13150B020C01010B11141214171417
:10C25000FCF3E8DAD7CDC9CCD1DCE7E3FFFD0C1560
:10C260000A071412120F1A151A15120704F4F0DE39
:10C27000D1C7C1D1D8E0E4ED0A0704060D0A1916AA
:10C280001A13141A1711121202F9EEDECBCFD1DEF7
:10C29000DFECEFF6FF070C1218171B141416171E0D
:10C2A00019120F0701F8F4E3D1CECFD7DEEBE3F09C
:10C2B000FB05030B1A141C151D17191B1B190F1155
:10C2C00005FDF5EAD9DCD6D9E7E1F8FDF0FCF80D7B
:10C2D000112317130D1620121019120B0800EAEE85
:10C2E000DDEADFE3E1EDF7FCF9F8F3000404090D02
:10C2F00009131417181C17180CFDF4FBEFE8E5E1FF
:10C30000EEF2FA04F505FC08141613131915190FAB
:10C310000E140A10010613070E090C03120A070D6A
:10C3200001FCFE0C0706140A0309020D030201FFBB
:10C3300005FB00010A000B060D060A01FAFA00FBD4
:10C340000A020600010506010102FEF8FCFFF800E2
:10C35000F7FDFC01F9FF090CFFFEFCFF00F602FFF0
:10C36000F6020905070403FF0809090301FEFBF6AD
:10C37000FF05FC0B0300FDFCF4F3F605F901120FB9
:10C38000060E0D0D030907FF04FEF7FCFC01030276
:10C39000FBF1F8F6FAF1FA0009100D0F1317130B61
:10C3A0000F0504FEFE05F7FF0100060DF5F4F1F898
:10C3B000FEFD080408070D190C0A1715080F0301E4
:10C3C00004F804F707060900F9EEF4F9F9F7090B88
:10C3D0000308060B1313071110060D0201FE03FBE1
:10C3E000F9FB0707F2FBF6FFFCFA040E03100B053E
:10C3F000110E080C0305030AFB01FFF7F8F3F7041D
:10C40000F3FAF5F2F8000C070B100B01050A01090D
:10C410000C0C0203FDF9F8F0EFF6FAFCFFFEF2FB5C
:10C42000FC080A0402070807FE04FF000B0AFF02CB
:10C43000F2F1F7F6F7F7F4FFF1EFF8FF000307FE6C
:10C44000FF0F080901F8FDFE0006F901F2EEF4F015
:10C45000F2F5F0FFF8EFF8FEF3FB07090A0101FD22
:10C46000F8F401FD0301FBFDF9EEFAEEE5F8FBF847
:10C47000F6FCF5F1F5FF010A070B0A0408020B0FA1
:10C480000C03FAF3F1ECF5F0F0F4ECF3F4FDFBF946
:10C4900004FE0507100D0D05030F0C1B100B090002
:10C4A000F6F6FAF6F5FCEC040401FD0C140B0D0C89
:10C4B0000A1216130D141D201D100805FAF9FDF5BA
:10C4C000F6FDF9F60C17151919131318150E1A1A8B
:10C4D0000C10221D1812090C01030503FCFEFEF5C9
:10C4E00011161B21151A150F15190E160A171318F8
:10C4F0001A14050E0C00FFFD0AFF00F113131210B1
:10C5000010090E0F0E19190B06030C160C11FF075C
:10C510000200FB040DFFFF030A0B160F11080A1699
:10C52000160E0B01F5070E050803FEFC0401020BB5
:10C5300002100DFC0F020A0403110808100B030778
:10C54000FCF502040601FAFCFB020B0D0504110FB9
:10C550000709060C0C0AFE04080404F8F7FA0005A3
:10C56000080B0007020708110B0E20150706060628
:10C57000F90B0908040707F4F602FE000A09020194
:10C580000105161510151723090001040902120DE3
:10C59000080904010501FF0B0902040605070F0E37
:10C5A00019142529FCFAFD04FEFE0707160D0407E1
:10C5B000091004080804080100050F161C1C2616A3
:10C5C00007FEFC03FF080E01070B0107F80507FA39
:10C5D000F9FCFDFCFDFD01171D11160B0DFF04FFFD
:10C5E000F90303FCFBFBFEF603F4FEF4F701F9F795
:10C5F000F4F3070708FF090C0106F8F702FDF8F449
:10C60000FC00FAF9F6FBEEF2F3ECEDEAF9F5FD0EBB
:10C610001508FF070603031A181521141F171C0F0E
:10C62000110E0E170C12050B0B0B0206FE05FCFA81
:10C6300006050C131D0F171B100E100E0D060C1700
:10C640001301010508081414070B03020B101B1338
:10C650000D100B0809190D0B060C0E0807FD0A0D2D
:10C660000F0B160705100F080B1C140B170E1312D7
:10C6700016090A0DFDFDF4F8F6F70004090510058A
:10C680001111120A060603020A10071810090802FF
:10C69000FEF0F1F2F6F7FB02FF0206100902080CA9
:10C6A00004F707040F130E090F04FDFEF0E9EEF185
:10C6B000F0ECF60200080AF908FC01070409FFFF84
:10C6C0000C0C0912120B05FCF1F1F0F8F5FFF7FF65
:10C6D00000FFFFF5FEF3FE03FB0405051211090A36
:10C6E0000A1503FEEFEAECF70800FF03FAFFF8F47F
:10C6F000EEF9F2F204FC0A110F13130F150BFEF7FB
:10C70000F3E9F30105020C0705FFF1F1F4EDEEF892
:10C71000F7FBFE0209091016110AFBF1E9F0070AFE
:10C720000D110B0A01FEF7F2F5EEEEF2FEF8F8FD40
:10C73000FF080E0D120BFEF0ED02040F0810111889
:10C740000F01FCF7F2F3F6F601F70703FD12161DD1
:10C750001C0900FDFE08161A0D1816170B0A01FC1D
:10C76000FCF3FCFBFC02090E11101D17190C080844
:10C77000091D1E221E1D151E170806FCF903F8FCD4
:10C78000F4FC080D1618201A1D08080E1F28302169
:10C7900020221B1D12110801070104FF0D0C0317B5
:10C7A000151109120703FE0F26373230281D131CFE
:10C7B000170F0A160F060A151200000610FE040DC8
:10C7C000FDFB07172F362E2B150A14090D010D0E30
:10C7D000060F100D0707FCFFFBF4F5F7EFE5FA0F66
:10C7E000232B261C0E030909FD0D09060107090765
:10C7F000FD01FBF2EBE0DFDCD0DAECFC0610150308
:10C8000004F6FFF5F80203F5F7F90109FFFEF2F06F
:10C81000E5D6D2CEC7CCE6F40402FDECE8E9E6F7B3
:10C82000EBF1E7E2F0F6F0F8FFFDECDFDBD7CED579
:10C83000CFDDEEF5EFF4DFD1D3D6D9E3EFDEE3DEE3
:10C84000DFE7F0EDFEE9E0D9C9D2D8D9E1E9E6FCAD
:10C85000FBE5DBC0BEC8DCDFECD9D8CFD1D7EDF02B
:10C86000F1EAE1D2D6DAE6EEEEEBF6F5F3DFCABB9B
:10C87000BCCCDFE3E8E5D8CCDBE1E8EEEBDADCD8F2
:10C88000E1DDEAE9F0F601FEF6E7C7C4C1D5E2E969
:10C89000E1E2DDD9DCE3E7F1EFE1DFE8EBE8EDEC45
:10C8A000F6FEFDF7FBE4D6C7CDD2E4EBEAEDDCE023
:10C8B000E3ECE6F3ECEFEEF0F3EAF2FDFAFA090549
:10C8C000FFF4D5D5CFDBE4EDF5F3EAECE8EDF5F0D8
:10C8D000F5F5F4F8ECF8FA030401041202F5EBE5BF
:10C8E000DEE9EBF6F2ECF2F2EBF5FDFEFAF9ECFC28
:10C8F000F805F601050209140AF7E2E4EAE9EEF2A6
:10C90000F7FAF0F3F602FE05F4F8EFF4FF03FD0783
:10C910000C120F0E0BFBF2E5E6F5F102FAFDFDF548
:10C9200004F9FDF8FFFCFE080B030B040EFFFFFDEE
:10C93000FAF5EEEEF0F3F7FCF2FD0A0D11080A111C
:10C94000F8F805010D11120D140D0B0003FCFCF598
:10C95000F9EEF8F9FBFC020A0704080EF8080706CE
:10C960000E031112141015120D0A0CFBF7FAF60043
:10C97000FE0001FB0A040B0CF9FAF904010C121475
:10C980000F1E1A1E1D1C151514010902F903FE04C1
:10C990000DFC07FF0502FDF4010712031323231FFB
:10C9A000242B1D212016120C0804FF0C020C0B0E68
:10C9B0000B0DF70205080A18221D242F2A2B332AF3
:10C9C0002B261D150E0A01FF0A0910040106050D8C
:10C9D00007030C1B271D20262D2F31393022241050
:10C9E00014FE07040B060A1004FB0502100E161CA9
:10C9F000171F2D242F2A2823221F0F0F11030B038B
:10CA0000040B0D14FFFF0801060E14150C14182159
:10CA10002213161A0E0D1207FF0800071308151D22
:10CA200006FF0305010D0008FEFF00FC09020D0AC8
:10CA3000100D03FDF7F601070A130E10F6F30502B9
:10CA4000F9FDF2EFEFEADFECE8FBFF0E090D020360
:10CA5000F3F0F704FBF5FF02F5F2F2F6F4F0E4E58B
:10CA6000D9D6D6DFEBFB0A0F0F0803FAEAEBEDE1AC
:10CA7000DBD9E5F3F3F5E8E8E9DAE2D9CEDFD8E689
:10CA8000EDF90F0F0D0FFDF3DFDEE5D1CBCFD2DED9
:10CA9000F0F6E8E4E1DDDCE1E2EBEBEAF3FB060EC5
:10CAA00009FAF4ECECEFE1DCDAC9CDD6F5EEEEDE16
:10CAB000DCE8E6EBE5F5F0F2EEF5FE060BFEECEF5A
:10CAC000EFEBF0F2E3DDD9DBFFF0F9F7F7E7E8EFA2
:10CAD000F5F5F6EFE5E7EB0104F9F4EFF2F3FFFD0E
:10CAE000F1F1E9E10801070A07FAFB01FAF9F5E7B4
:10CAF000E2E9EBF4F4F4FCF9F7FE010007F8F4F4D2
:10CB0000060A08090C0D090901FFFAF9F0ECEDF726
:10CB1000FAF3F300020909100D0200FB0A060D15D5
:10CB20000F13101B170B07FBFBF5F4F6F90A0205B0
:10CB30000B0B0506011102010D040D071418130C4F
:10CB40000D0F090C09F9FF08FF0711090C0907046B
:10CB5000060B0A090B03FE0103050A060912070664
:10CB6000FF0604010D111111090811140E0E090917
:10CB7000010508050204F9FA000A0502FDFAF0FDB4
:10CB8000F9FD010709080C060C0C1013050607FD3A
:10CB9000FCFCFDF3F5FF0301F6F6F7FBF5F5FF01ED
:10CBA000FF0D0405170F0D0E060F0603FBF9FEFB24
:10CBB000FCEDF5ECF3F4E5F5F9ECFFFC0A071316D0
:10CBC0000F0C0D0E0A1001FF0A02F9F6FFF8ECEA4D
:10CBD000E9E9E9F1EAF3FBFFFF130F13151813FC62
:10CBE0000C05120910090A06FCFDFBFCE8E9F5F149
:10CBF000F4FAFD07110C1625211C130B0009080A75
:10CC00000B161A17111002060103040009130C1A5F
:10CC10002126262E262311100BFF0A08101B171E93
:10CC2000171E151720181C191B23291F1C271F1B33
:10CC30001A1E1808FCFA01FCFAF0EEF7F7F3E9F90E
:10CC400003FE0A04000B0F1111080301FBFCF9029B
:10CC5000F8F5FEFBF5FB00F5FF0206FE01090B12DD
:10CC600004120F0F060B090700FA0605F80505FE6A
:10CC70000809FCFB00FFFF0404050F0E1217131038
:10CC80001314090CFB070D030C100D05FC0705041C
:10CC9000FE080404FE0A0409040D13170D0F050D08
:10CCA00010FC0500020C170A09050A040A07040A09
:10CCB000050604070F070A0F0A0E1A03080904FEE7
:10CCC000040F0E09050DFE07060E070F0C030601E3
:10CCD00003040D041710150D0407F6FE12201B0C9B
:10CCE0000204090C0C090A0A04F908000A060D01DD
:10CCF0001006060EFDFE030017161E130AFE0402A0
:10CD0000FB0009FF04FE07080404FB090204FE07F8
:10CD1000F5FAFEFD261C10030004FAF9FC000307D7
:10CD200006090C0704060206F9F9F5F5F1F7F9F61C
:10CD30001D1C100206F8FBF7EEF7FE1414120D0886
:10CD400005040A09F8FBF7F8FEF6FFF4150D0307D2
:10CD500001F3E8F5EDF0050D17131009040A190E9B
:10CD600000F9EBF6F3F5F8FB100100FEF7F2ECE941
:10CD7000E2F0FB14131412010117170DFBFAF4F380
:10CD8000ECEDFAEA05FCF6F4F6F0E0EDE6F4051554
:10CD900013100600FF131109FFF7F0EAF3FBF1F09F
:10CDA0000BF1EEEBECE9EFEAF0F6070F0E09F9FFF5
:10CDB00004121B12FBF7EEFAF8FAF7FCFEF5F5F495
:10CDC000ECEDF2F8F2FC0B0D09F90800161B10054A
:10CDD000FE04FAF8010202FBF9F4F4FAF0F7EFFAB4
:10CDE000FCFA03030DFE0A101C100A0DFDFAF5F4FF
:10CDF0000307010005FAFBFE01FBFFFCFDF40A043A
:10CE0000040A121619150F0A0102F1F702030AF8B3
:10CE100002F9FA02F7FAF7FAFAF403030411141705
:10CE20001514100A00F4F9FDFBFCFCFE0700FBFBE7
:10CE3000FB000900F4F2FE000B11101213130F0691
:10CE400008FCF7F6FE02FBFC02FF00FC000501F502
:10CE5000F2FDF6FA0313130F13150B0905FF02FD7C
:10CE60000202F9F4060003080804FAF9FEF9FC06C8
:10CE7000060C140A10150E080AF90000FEF500FA57
:10CE800008F5FAFD08F5FCF6FCF6F4000011060FB3
:10CE90001715150B01F7F3FF00FE0AFD02FEF9045A
:10CEA000FC06FD02F6F7FBFF02FD0211151B0B0D40
:10CEB0000501F9F2FBFB09010B0B050702FEFDFF63
:10CEC000F7FAFEFE050A050B110B0C0B030701F424
:10CED000F3FCF90501040003FF0E0302FA0300F856
:10CEE0000B070C100F1A0D0A0905FBEEF2F0F2F613
:10CEF000FB000701080201FCFFFC02090103091302
:10CF0000131A0B09FCF9F7F5F5EDFDF1F60C090A1A
:10CF1000070903FD0401FCF8FF0F081015150806AA
:10CF2000FFF6F9F1FFF8FCF902FC0603FD0D05041C
:10CF300009F805FC0E120A16131C1C110DFFF4FA59
:10CF4000FBF7F8EB0206FC08020304FFFEFBFAF90C
:10CF500004F8FFFAFB0103080C06040616110D0382
:10CF600000F9FEF801FEFD0203040606020605FEB6
:10CF700003FBFB02FF0903040F0B0806FCF6FB0191
:10CF800003090AFF02FCFC0A05131009110C06082C
:10CF9000080704FEF8050809020801FE080100015F
:10CFA000030402FE0B080E120B08120DFE0A030505
:10CFB000F90009000D06010F0E07000D0009070218
:10CFC0000A091109161D1B0A110A08FEFE070005B1
:10CFD000FC040406080C0C11030206110D10160EB9
:10CFE00012151D0F100A040407040B0BFEF70A05A7
:10CFF00009040A1306FFFE060A0C0C0E1913160B81
:10D00000150F0C080C080A06030710110E170D1750
:10D010001510060D1208131217191D190E0B110306
:10D02000070DFEFE050C090E0B181716101A19181D
:10D030001019181A221E201706090BFDFE070307F8
:10D04000130F1915141D211F1B1B1B1F1D1B161A47
:10D05000231D110C05FCFA02010A01070716111025
:10D0600018221F2017201B0C0E12141F251012004F
:10D07000FCF8F80103FE0A1805130B181716131A0B
:10D080001F0B11FB020D1326160D07060405FE04E7
:10D0900004081213050A110C161813110E0BFEF3D7
:10D0A000F8070D1F1C140F0F010A050C13131211A2
:10D0B00002080A08080A080E1410FAF7FC000A16FB
:10D0C000160D11000D060A0A0E190505F4030506D2
:10D0D000F80405130C0A0700060E1617130B0704B5
:10D0E000040A0E0F0D1103FCF1FAF8FAF503F90228
:10D0F0000C1206FF0809181B1109040916130F0763
:10D100000707FFF7FEF400FA0103FFFF080A08FB18
:10D11000010616120C070A0314181806100908FE57
:10D1200000F8F6FFFDFBFD0705FF0608040B0B11D9
:10D130000B070B1210100F05090202F1F7F9FCFAA8
:10D14000F6F90406010A0507040A10040A060A0C87
:10D1500009150C100804F9EFF3F7FAFBFDFDFAFDD1
:10D1600008020B0410030E0C0900041008110D0432
:10D1700004F7FFF6F7F9FAF3FDF401FC000E0804DA
:10D180000D10090B03010904030500FC0407FAEF65
:10D19000F8FBEEF1FBF7F4040808080810080A0889
:10D1A00005FE02F90403FAFDFB01F4FAF9F4F5F6C1
:10D1B00000F4FBF9FF05110B13180F0A090A01FA15
:10D1C0000101F802F9FEFEF404FAF8F7FDF2FE0997
:10D1D0000D0F090E0C1916100A08FFF7FCFDF6F6E4
:10D1E000FDF0F8F304FBF8F2F502FA040E11141244
:10D1F0001721121D1007FEF0F0F2ECF9EEF3F50026
:10D2000003FF00FDFC04FBFC0512120D171C161297
:10D210000C09F6F3EAE2E9E9EFEAE7F5FAFF0C09AF
:10D22000020A0A0305020E0D0F13090D08F5F2DCC0
:10D23000E9EBE8EBE7ECEC01050610040C09090B3F
:10D24000080D19110F140B1210FCF6F7EEEAF1F4A9
:10D25000F1FB04F700FAFD090C131924251C201812
:10D26000060401FEFFFC0706040100FD02100C0E7F
:10D27000FAFE0302180C1412140D010AFAFCFB0149
:10D28000F5FDFEFEFFF9FC03060A0E00F504040896
:10D290000A18061202F9FFF1F3F0F5F6EDEEF8F4D4
:10D2A000F3F4F8F50AFD0A12FDFE0803FE060E026D
:10D2B00005FC00FBF7F8F7F2FBFCFAFF0403090B8F
:10D2C0000B0605100CFC0708FFFEFFFE030405FA21
:10D2D000FC03FE0807090E0611110F170F11151098
:10D2E00004080DFFFB050807FCFC00010B150908ED
:10D2F0001015181416111613121C1511FD08FD082F
:10D30000FFFD060F03FD031208120F0E15160F1571
:10D310000E11100C0F0501050202FD07FDFD0708A7
:10D320000000FF05FDFF01050B060908FFF8FBF3F0
:10D33000E6EEEEEDF7FDF9F603020900FFF7FDFF5B
:10D34000F5F0F7F8EEE6DDDAD5CFCAC2BFC8D8E00F
:10D35000F3FDF4F4F502FB04FB03FFFBF5F3E6E554
:10D36000D8D5C6C0B9BAAFADBDBCBFCF03FCF7F1CD
:10D37000F7F90003030407F8FEFAECEBEBDADBD273
:10D38000CAC4C6C3BECBCCD5F7ECECF2E9FCFE05B3
:10D390000F0C130612100BFFF5FF03F8F4F3E3DF95
:10D3A000E5DAE9F3FCECE8EDF7F203FD0B160B0E02
:10D3B000181B1B1B1417252418111408060705FE3B
:10D3C000FCF8E1E7FAF70307FF110B080D1018202E
:10D3D000292A2C282726221D2010110A00F4ECFEF1
:10D3E000FAFEFBFBF5F4F8F5060A0B151F1A262CBE
:10D3F0002625242B2E2517190301090AFBF9EDEF29
:10D40000F0E9E5F0FBFC050016121F141E3329207D
:10D41000282B1C11081D0F0D0806F4EFF2ECEEEBA3
:10D42000EEF0F4030C081213182425282A2A1D1ADA
:10D430001B181F190308FBF600FDFBEDF9EFFBFFBE
:10D440000505FF03131019222222211313181515A5
:10D450001200080907100C0BFDFF01020900FD0472
:10D46000FB05112225171A0D0911140F0B0C0812B8
:10D470000E1D16120D080BFDF9F1F7F7EF01091259
:10D480000E1B11070D010A0D06100C090C151410C6
:10D490000B0708FEF1F1EDE6EFF2F60D03071111AF
:10D4A00008FD0A0BFB0B0A0406161A0D0C030D01EE
:10D4B000F9EDE4EFE8EBF7FDFC05080607FEFDFDDE
:10D4C000F4FF05050500010B090B00F4F8EBF1E290
:10D4D000DEEEF0FCFFFAF9010301F5F6EDEFF7F0EF
:10D4E000F6F3F7FAF5F7F5EFF8EEF1EEE7E9E3EE2C
:10D4F000EEF9FC03F9FAEBEEE4EBDDDEE1E5E5E263
:10D50000E0E9EEE5ECEEE5DDDDE3DBE1E500080476
:10D51000F3EDEFF3E3EDDEE6D6E3E3D5DEDCDDE6C7
:10D52000DCE2DDE2E0E0DAE1DCECF0F404FEF5FC64
:10D53000F0E8E1E2DBDBD8DFDFD8D9E2E2DAE0DDF8
:10D54000D2DDD9D7D9E2E6EC0004FFFBEDF3E2F13E
:10D55000E8DEE9DDE8DBE3E1D0DEDDDDDDDCD5D9E9
:10D56000E0EFE9EFFBFA0A030E0C0F0F08030905C1
:10D57000FF01F7FCF400FA01FCFCFBF1EAF1050401
:10D58000FD0100FC01070E0708FC050A0405FA0B63
:10D590000603FFF5F9FCEBECF00002FBF2FE0206DD
:10D5A00002FCFEF7EDF7FEFA03110B050301FFFC89
:10D5B000F4FCE9F4F3F0F8F6FB03070AFFF8EFF8E0
:10D5C000F5F8FE00020C0614030908FFF9E9F0EA79
:10D5D000EBF4F601FD06080BF9F5FFF8F4F000FC9A
:10D5E00008040F110806FBF3EFF0EEE9EBF1EDFF95
:10D5F0000101040106FDFCFEF6F7070714090D10F2
:10D60000070705F1EEF1F6F0F2ECF2EAFF04FE0591
:10D61000FC11040AFD04FC0706101716070902FE98
:10D6200002F0F8F4E7F2EDED080305110507000C30
:10D6300001FC0A0C1111090B0A02FB04FEF5FAFEAB
:10D64000ECF0F3F0000A0EFF040D0B0EFF0A110CB4
:10D6500006130308FC010B0DF8FCF5FAEBECF7E7F9
:10D66000FF08070E07110D070D0412070503020B33
:10D670000B0A1217160F0D0AFDFBF8FC07130B0718
:10D6800007090206FF10110D02FA03050715191507
:10D690000F11130B01FCFDEAF60708FE03FCFAF775
:10D6A000FE0D01FFFAF8EDEDF70713120A1213133E
:10D6B00007FEFDECEFF9FCF9FDFEFEFB060105F8A7
:10D6C000F8E8E6E6FA030208120D070B0F04FEF471
:10D6D000F4F7EFF8F8FBF6FE07070100F8F5FEFD9A
:10D6E000070E0510140416110D0A0AFAEEFAF9ECE9
:10D6F000EEF3FC050F0F0E0E11090D1111140F158D
:10D700000E0D09151209070DFDEEEEE0E8F3F7091D
:10D710000E1C1F191518161A1B181513100D0BFEC9
:10D72000040F010DF3EDE9E3F4F2FA0D0B131618F3
:10D730001C191F1B2015130B130807FEF8FEFFFB17
:10D74000FAF9F0F4F4F5F3030B101A171D1624255B
:10D750001C2012070509F8F3EDEFF4F1FEF9FCF8CF
:10D76000FAF1F5FD08120A0F12131D1C1C13110605
:10D7700004FFFAF2E7EDE4ECFAF7F904FD040C0D0E
:10D78000100B100D161B211F131C0D0D04FEFAFCAF
:10D79000F2F9EBEF00F8F8FC07070016080C101080
:10D7A0000E19161819130C0800FB08F803F8F2E814
:10D7B00000F4F0FC07FD0C0A100B060D07191D16EE
:10D7C0001C130B0508FD0805FEF4F8FA0A08F6001C
:10D7D000FE0A0C04091009091418121B1D14140B5D
:10D7E0000A0C0C0B03F8F6F9F800FFF903FD07FE2D
:10D7F0000807080B13161E1B13091106050F0F0847
:10D80000FF01030AF9FEF6FCFD02FA08F70A0B0E07
:10D810000C12151317180BFCFD000607FBFF03087D
:10D82000EFF9000000FBFA010203010708151209D5
:10D830000F0405F1F500FBF6FDFD0400FD0506FFF4
:10D84000F5FEFA03F8FAFCF6F904F80801F8F2E834
:10D85000E2E8EDF603F9030400FE04FFF900F8F630
:10D86000F3E6F4EAF0E7F2F7F3ECE9ECF0F0F905AF
:10D870000E04FA04F3F7F9EDEBF0FCF4FC03FA0103
:10D88000FF0304FB00080611080B0E0C0E080AF932
:10D89000F301EBF9F2F5FC00FC0001150A090D0E8D
:10D8A0000B0E181C1313080F06090401FCF0F2F507
:10D8B000FFFAFD010B071410151910181A17100D97
:10D8C0000C1A0E1508FF07FFF2F4EFFFFBF501FC41
:10D8D000090B0911151B101910181B161312151915
:10D8E000080301FDFAF0FEF6FA020701080B111514
:10D8F00016191B101712121611180F101911080BF8
:10D90000F8FFFCFD0305050B0511100919171B197C
:10D91000191C230F1016131516120D0FFBF7F9EF34
:10D9200003FA05120B0F10110E0F1D1C1A231314EE
:10D93000130C0C0D100C0C0AFBF1F4FD0A040F067D
:10D94000090C0B0F181D141722161B18131710178C
:10D950000E111416F5FAFB03070A120D070D150D2B
:10D9600012111A181D13150F101416160F170F1772
:10D9700000FCFCFB0E100B110A0C10170B161B1CE5
:10D980001614040E0AFD03080900FB03FB070F0130
:10D990000D0A0D18100F160C110F100D0E01F8EADC
:10D9A000F2EBE6EDE6EDF0EFF8070314050E151BBC
:10D9B0001B0F1A10120B0806F3E3DFE2E2D1D8D3F3
:10D9C000DEE2E3F4F9050A0C0E121D12190B120D1A
:10D9D00000FAFAF3ECE4E6E2E0DFDAD6DCDDDBE5E0
:10D9E000030E1216100F150D090903FC00F3F8FEC3
:10D9F000F7F3EEEBF3EEE5EADDE2EBED02161713DB
:10DA00000A08070502FCF6F2EEE8EFF9FCFDF7F66E
:10DA1000FAFC0203FAF2F1F3100E1D1214120C04B8
:10DA2000F4F9E9EAE7ECEAFD0C0004091012100A27
:10DA3000070FFDF40F171F15160F14FBFAF3F1E78C
:10DA4000F1F5F8FF050209030B0B1A121113050B70
:10DA5000121718191A11110A0001FEF7FCFFFC0831
:10DA6000FBF8080B0C08100E0D190A080E0D191002
:10DA700006FF03FFFDF900FB04FCFBFC02F60108B6
:10DA8000020906141A1A1905010B0A02FD00FDF914
:10DA9000050802FC04F6FAF3F2F200F9FA090E0E98
:10DAA0000A111C0A030009FDFAF2F3FFFCFF08004B
:10DAB000F7F2F4F8F3ECEDF50105060C1219100677
:10DAC000FF07010402F4EEFCF4FAFFFFF4FBF3F6A7
:10DAD000EDF1EDEF0108071615111109020C080010
:10DAE000F9FCF8FDF6F0F1EFF2FDFCF7F4F1F3F3D9
:10DAF000000109111106FBFE05FF0AFD010106FAEE
:10DB0000F501F2FFFCF9F100FD06FBFFFE000C0041
:10DB1000070205F6FC060D0905030E0903040900BA
:10DB200008000A06060804030707020A060105FFA3
:10DB30000A050B140A180E14121A0B0E10191015E0
:10DB40000E130D080BFEFE0207F7ED021403140F6F
:10DB50000809131418151D2218152321201A0B0764
:10DB6000FE0204FDECEBF5FD05020C110A07151A87
:10DB70001D22221B1A20111A161106FCFDF2F0F0CC
:10DB8000EDF2FC0306FDF9EFF1ECE2DADED8DADAC9
:10DB9000D3D9DFE3F0EFFCFFF6FD0000F6FBFCFC61
:10DBA000FB06FAEEE5E9DBE1E3E6D2D0D5D0E4E42A
:10DBB000EBE7F8F1F8F5FFF2F5FBF8030A0EFDF5D7
:10DBC000E3E8EAE9F1F8F0E0DCE2F5F2F9F1F8EF88
:10DBD000FAF6F8FCFFF801FF02FF02F4F8FFFC037D
:10DBE000FC0207FBF9020B0BFB0102F8090200041F
:10DBF00007FB0F0204FCF9000B0A07030314130BC5
:10DC00000806090B05060A0F080F14140D130B0361
:10DC1000010206020A0B110F1D181D1D100F151C05
:10DC200010141F1F10141B1F15160606FEFC040BF4
:10DC300016091122221A201C2015211818211A1940
:10DC400014201A1817201C0CF9070A091313212293
:10DC5000251F18191C121E1E161119121A171F251E
:10DC60001A1F1A0FF8FF0B070F18282422261E1759
:10DC700012121811120F0D0A0D131B140F10131688
:10DC8000FD06080D171D23262F211C15160C0E0B43
:10DC90000701FD0209010104060500FCFF0006164C
:10DCA0001D191F25211E241214050907F8FCF3FA7B
:10DCB000F6F6F701F3EFF2F5F60707161728291E17
:10DCC00021211B231B090604FAF4F403F6F7EDEBFC
:10DCD000E6E9E9EFE9000C0B142622171C151F1FBB
:10DCE0000D0F1A0A0109090004F7FFF7E5E6E7E25C
:10DCF000E8F503100D0E180E11131C1112131D1947
:10DD000005100F0503FEF901EEEFDED8EAEDF9018B
:10DD100002020A0EFFFD1011101F2A140905FFFA56
:10DD2000FCFB03FAFFFCEED5E8EBF0EAF4EE00F8BA
:10DD3000F2F5F1F8040D130508F4F4E4EFF7EFFF42
:10DD4000FAF1EBE5EAF4F2E3D8D9DED7DCDDD8D49A
:10DD5000E4E2EEF4E6DAE2E3E7DEEBFE00F6F8F307
:10DD6000E6E5EDEADAD4CEC8BEB9BDBAC0C4DADEA3
:10DD7000E1DCDCDBE6E3F2F5F601F9F0EDF3E3E5F7
:10DD8000D0D5C8BDBAC1BCC1CACDD7DAE8E3DEDEA2
:10DD9000DBEDEDFBFFFD03FDF3F7E2EBE4D9DBD0B8
:10DDA000D6CED8CFD7E6EFF6F4E2E0DFDDE6F9F73E
:10DDB000FFFD0706E9EAE9E8EAECEEE8F5E9E3E663
:10DDC000F8FD0302FBF7EDE5EDFA020102FCFDFEB2
:10DDD000F6F7F8FDF40505FAFAEFEEF80B17150A59
:10DDE000FDFFEBEDEDF5F7F4F9FA0301F0F5F407BB
:10DDF0000A0607FE01F6F7040F231E0B040202FCBD
:10DE0000FDEFF3F2F4F6FB05F7F8F204FFFDF8F886
:10DE1000F0F0F80A1219150C0AFCF700FBEBE8F415
:10DE2000F5E5F60502FCF6F8EEEDEEF1EFEAFD049D
:10DE30001A180C07FCEBF7F6EFECE8F6F6F2FA0529
:10DE400000FCEEEEEBE2DFE9E0EEF1FE0F040AFD8E
:10DE5000EEF7F4FAF2E4F1E5E7EAF1F5EFECEFEAD8
:10DE6000ECE6DBDFE6ECFC0C010309FBFBF2F1F76F
:10DE7000F7F1EEECEDFCF1F6F2FBEDE5E9EDDFE7B5
:10DE8000EBE8FE0B0012090E02F3F2FAFEF6F9FCC3
:10DE9000F9FEF5F309FCFAFDFE0307FC070109F59D
:10DEA000F6ECE5E3DCE7EBE0E7F3EDF4E9EF01FCAA
:10DEB00004000202FA04FA0000FCFBECF3EDEFEAC6
:10DEC000DDE2EBE8ECEDEBF5F1F4F3EB00F6EDF76A
:10DED000F9FAFC01FD0305FD00FCF1FBEFEDF9EDA6
:10DEE000F4F8FBF0F5E9F3EAFCF0F4F505F40500CD
:10DEF000050D09080B0B01FCF8FBF8FBFBFBF2F826
:10DF0000F2F5F8EFF7FFEE05FCFE0C06150B100A14
:10DF1000080403F907F802FAF5F9F0F3F0EEF2F26B
:10DF20000A02000906030E07070C14110A01FC017E
:10DF300000FE02FFFBF5F7ECE8F4F8FDFF01FB0A39
:10DF4000010406050609130400FBF0FD0803FC00AC
:10DF5000FFF3FDECEDF9F2FB01F90403FFFF08FD0F
:10DF600006080300F6EBF8F7FAFBFDFEFCFCFFFDEC
:10DF7000FD01020300FFF5F8F7F6F9EDF1F5FAF906
:10DF8000F2DFE4F000FBFBFDFE04FD01F5FF000CF9
:10DF9000F2F5F8EFEFF1F7EDF1F0F1E6E8E2E9F094
:10DFA000F4FAF8FAF8F9FAFAFDFD0D0EFBF4F8F2BE
:10DFB000EAE6E4E7E4E7EAE3DED9E4E9F4FAF6FACC
:10DFC000F400FDF6F8FBF5FBFFF7F5EDE1E0DFE32C
:10DFD000DFDFDFDCD9D8DBECF2F5EAF4F2ECEFE9D5
:10DFE000EAF3FBF1FEFBFAF0E5E4E4D9E0DED8D495
:10DFF000CED5E4E4DFECEAEDE2E4EADCE8E9E9F7D7
:10E00000FD01FAF0E6ECEEECE3D5DADEE7E1DFE481
:10E01000DCE5E9E3E6D7E6D8E0ECEFF3FE0A050934
:10E02000F9F5FDF9EDEDF0ECE8F0E8DFDDE5DFDE38
:10E03000DCDFDDDBE4ECF80F080E0E090812060049
:10E0400006FCFFF3F6E8DBDEDFE6E8DFEAE7F0F701
:10E05000F509FF17FD16111B1916131D0F100800E7
:10E06000FCECD9E0E9E5F6FDFAFC12100D100C23EA
:10E0700004151924251F201D191F12150CFFF0F47B
:10E08000F5020C111C201A211A161E24071C222529
:10E0900020231E2B24231E1B1F0E0F0F07151220DB
:10E0A0001D2C2B2D29221F210A1525231C29262250
:10E0B00029262F27312B1C2627242325242B2624F1
:10E0C00027291F1D041D241B2928212627272F3817
:10E0D0003830322E2B2C24312D2E292222222115AC
:10E0E00007141215191D1E1C1F252A372F35323013
:10E0F0002F272E2E2E301D1917201E130C0513113D
:10E100000E0B121A1A23212731302B30282D272AE3
:10E1100024222617171A0E0F00040503070A151AE2
:10E1200020152119212320222D212226221F1D0DF9
:10E130000D120F110705FFFFFB0A14110E16121323
:10E14000171E161C1C1A1A140B1717130A0E00F9A7
:10E1500007010906FE070405120F12101B0C140E0E
:10E1600017130D0F060500F706FAF5FD0F0200085C
:10E170000A08FBFDFC05040C060D0E0704040CFC4C
:10E18000F9FBF8F5F1F0FDF9F80402F904F4FFEFFA
:10E19000F2F5F4F4FEFAF9F0F0EFE6EFE7EDF4EC67
:10E1A000F2EBEBEFF60301F8FE00F9ECE9E5E6EC43
:10E1B000DCD7CEBBBCBBCEC8D9DDEEF0F5FC01058B
:10E1C0000007F7FDFA08FBFBFCFCEBEFEBE5C8BF33
:10E1D000BDB2B8BAD2DBDCECF2FDF803FBFD020203
:10E1E0001007F600FCFD0805FDF0E1D3B8B0B2B1B0
:10E1F000C0C4D0DBE6E7FBF8040805000F0908FB04
:10E200000F140E0E1A0D01E9D3C4B0A9B2BCC0D3CD
:10E21000D9EBEFFC060007FA070AFD0B0B0204110D
:10E22000180F0A01F3D1C4B2ACB4BEC8CBE0E4F01D
:10E230000E1104FF0301FCF904060E090918150C60
:10E2400000EFD1B8A7ACB1B8C9DBE1EE060DFFF61F
:10E25000FDF804FBFBFA05060C1418160807EADBA8
:10E26000C1B2A5B6CBD4E3EC0D0B0B01FAFBF4F86D
:10E27000F6FC0606111B15190E00F9DFD0BCAFA87D
:10E28000B9D1DDE4111504F6F8FDF601FFFD081320
:10E2900016211B160804F6F0D9BFB2AEBCCBDADDEE
:10E2A00011070501FFFF0105FF010D0F26252517A9
:10E2B0000D05FFFEEECCBFB3B2CBDAE30F08FE03D1
:10E2C00004FC0A0301040B0C1F2423231C0C0B0168
:10E2D000FDD7B9A3B1C7D8D80F0C0109FFFE09FDBE
:10E2E00005F3FD100E1E1D1C1D170D0C08E5C5B015
:10E2F000B4C1D2DC1A0A07FF0502FCFEF9F1FBF5F6
:10E300000D131A211B140F1204EDCCB1BBC4D1E4C0
:10E3100010160101FFF8FEF2F6F5F5F106130D1CDB
:10E320001C13150F07F3D2C5C4C9D8EA020001F9BE
:10E33000F3FAF6EAF9F1EEF9010B0E19160D120ACD
:10E3400004EFE3D5D5DCE4E209F2FAF2F8F9F7F6E6
:10E35000F9F5F902FE0B0E11160E0A08FFE7E0E5CB
:10E36000F0E5F4ED04FEF300FEFDF9F1F5F8F3F845
:10E37000FF0B0F140E0C1201FCF1E6EEF4EBF0F0C3
:10E3800009FE03F802030202F1F3F3FAFE000406A9
:10E390000E0B0E03F4EBF4F8F4FBF1F6070506FFA1
:10E3A0000E02050603FCECF9F601010207080BF763
:10E3B000FCEAF6F6FD06FCFE0E0BFD080E0D05024E
:10E3C000FDFFF7F9FBFBFC0C0D040401F5ECF1F685
:10E3D000FC05FE020707070E110D1002020404F8E7
:10E3E000F902FC040702FDF9FCEFF4F2FF01FFF66D
:10E3F0000D070200090A0C0F02000002040A0805BA
:10E40000060D03F9F7EFFEF9F6FA03F20808030424
:10E4100001000D0C07090D0905060508060508FE93
:10E42000F8EBFCF0F701FDF00A0F0B0609110AFFEB
:10E4300008010A0807FB0B09FC0001FDF6F3F5F6DD
:10E44000EEF3F7E903FD100001000100FF0B0308E4
:10E45000010305F40102FBFFF6F9F7ECEEEEEEEE38
:10E4600009020D0B090C110F0B00FF0401FF010045
:10E47000F1FAFCFAFB00F1E8E7E2EAF4120608061A
:10E48000141002090102FCFE050600FFFAF2F7FC77
:10E4900001FEF3F6F1F7EFF1151210140F12141438
:10E4A00007160D0F0A0C040A0301040B050709FCEB
:10E4B0000008F9F302F6FAF0ECE5E5DDD9CDD2CEAD
:10E4C000D0D6DBCBD7CDD6DADFE6EAEDF5E7FD0334
:10E4D000F0F8F6F1E8E1DAD6D8CFCECEC7CBCED180
:10E4E000D3C8D2D1D5CDE7E7ECEAF20200E8EDE6F9
:10E4F000D7D7CBC6C8C9CCCEC9C7BDC9BDBFBEBBA7
:10E50000C5CAD6D1DEEBE9F4F3EEE9D3D1C6CBC36D
:10E51000C7C4B9C7BCBEB5C1B3B8B5B8ADBBCEDB17
:10E52000E5ECEFFEEDEFDFCBD3C8C3B8C2BFB8B5A3
:10E53000B9ABAFAFB7B2B4BCB9C3D6E7EEF4FB0822
:10E54000EEE3DBC5BEBFBAB4B3B7B6BCB9BFBCBBA4
:10E55000BCC0C0C1C6DBE0EBF001FF06F4E7E4C6D7
:10E56000C8C1C8BBB8B7B9C1C0CBCCCECDDAD5E233
:10E57000E3EEE4F2F8FB0609FFE4D4D0C9CDD0C83D
:10E58000D1CFCFDDE1E6ECF5EBFAF7F501F902F9D1
:10E5900007061515F5E8E3DBE3DFD3D1DFE0E0ECB8
:10E5A000FA03020F1416101202FBFE0006060C22DC
:10E5B000F6EAE4E7E1D7D6DFE0EEF2FC080F191A3D
:10E5C00011191313080700FBFD031A12FAEDECE30F
:10E5D000E8EEE9EEF70007111222241A100B0CFEE8
:10E5E00002FBFCF200050F25F7F8E6F0ECF9000855
:10E5F00012181D222723221715060B0305FAFBFC10
:10E600000811172707FCF3F4F8FD0112111B292745
:10E610002F22221B0D0A11FD05030404FE11101AFE
:10E6200007F6F1FA000B141C21141C1A1F12121504
:10E630000E0508020804FD08020B0D0607F1F9108B
:10E640000E09171316101A0F0E00FD01F6010A0825
:10E650000308040A060709FE04FA02101318141727
:10E660001D0F0E01FFFCFBEBF20A0F15120A071338
:10E67000060402FAFBFB130F11131A23111002F503
:10E68000F7F5E8F1010C1E1E13140D160E0E1509F8
:10E6900001090E11161D1B1D110D09FFEEF1EEFFF4
:10E6A00011201F1A191518140C0D1110F7FC0C125B
:10E6B000161D161A1A050703F4F9F70E1717211E6F
:10E6C000140A0D0D10000EF8F2FF0FFE0D0B0909D4
:10E6D000100304F9FB0206071B11161310120D0D8F
:10E6E0000700FAFCF5060A090A0D0A00FEFBF8F31A
:10E6F000FE0B0A0E0E11080C0906FAFAF3FFF9F2E6
:10E70000FF070901F604FFF2F7F6F2F5FA01060534
:10E7100005070502FBFCECECF0F0F1F6F4FF00FB62
:10E72000FA01F6F4F4F4F3FBF8FEFCF8FC06000240
:10E7300006FEF7F2EFF5F601FFFAF9F3F3FBF1ED60
:10E74000F4EFF2FDF5FCFE03020A05FEFF05FFFFF4
:10E75000F3F5FB00070600F7F6F8F7F7F2EEF6FA26
:10E76000FAFCF3FEFE0C060000F70707FFFFFFFDB3
:10E770000103FA00F6F4F6F4FF030700FCFAFFFACF
:10E78000030E0F0D070A0D060C0F0A0F0A0EF7FDF8
:10E7900001F7F9F8080A0712FD0800060A030F0D31
:10E7A0000A0D121515080C0A0808FF03F8FBFA03F6
:10E7B0000A120602010E1013160B1E0F1415180A6A
:10E7C000140E0D07FFF9F0EEE6EFEAD6DBDED5DB3F
:10E7D000D6E5D9E9EAF1F5FB01FD0504FAF3E7EF27
:10E7E000FDFAF7F0EAEDE6DEE8DBDBE3DFE5E1EAA0
:10E7F000F3F401FC020002F8ECE5EFF60108FAFE82
:10E80000F1F5F8E1E0E9E7E2DCE5EEF1F3F5FB0034
:10E81000FD01FEFFF9F0F8FC0E0E08FE070401FEF4
:10E82000EFEEEADDE5E6E9EDF0FF03F90603FEFFB2
:10E83000FE06FAF906050C100A170701FDEFECEDCC
:10E84000ECF2EFEAF6EFFAF90A001109130CFFF601
:10E85000020712140D160C0FFD01FCF8F3FAF0F08C
:10E86000F5FD0C0A0E131008150A0B040C190A0CFE
:10E870001810110D0E0B0BFBFF00FAF7F8FB010B44
:10E880000711131214100C080B0F0A100E1011139D
:10E8900009150309070C09FEF801020916160913E8
:10E8A0000E160F0F150F0B0A0E0F051508100F0D82
:10E8B0000F0D14080304050B120805130F1819098E
:10E8C000121C0306030909060E110B12120E18057D
:10E8D0000403050205050E0C0D130F0B1404FF0AAB
:10E8E00000000E040E121415171B11050403060B6D
:10E8F0000A11060C0A0F07041E080A0AFF0B0F1361
:10E90000150F1614191413090100060C0A0D050B36
:10E910000E0DFF0020110A0B0813110D1718140F0C
:10E920001316180F0508080F161815090C07FFFE17
:10E9300011060E120309120D1214090B16131009F9
:10E940000200081B1112140D0E0804001309110611
:10E9500005030B090C0604FC0C140C01F3F8090F59
:10E9600017170F1104010C06020B060D070101FC1D
:10E97000F2F4F4FA010404F7F5F3030A11110E1985
:10E98000141611090C06070300F7F2ECE4E7E0EEB9
:10E99000F2F4F0ECE5F3FF0808071A12171C111740
:10E9A00004040AFBF2EFE4D9DDD3E0DDE3E8E7DAC3
:10E9B000EBF1FF050C151310101213140808F8FDE5
:10E9C000F4EADBE0DBD1D6D9E4DBD6D7E3F8030AFF
:10E9D000060D0B100E080912FFFBF7FDF6EBF2E037
:10E9E000E8E9EDE6E9ECE0E7F1FCFDF7010E0D0EDC
:10E9F000060405FFFFF404F8F3F5FDFEF506F6FB4B
:10EA0000FEEFEDF5FAEDEFF2F406F908F6FD03FD81
:10EA100006F7F0FAFFF8020E040E0A0405FDF9FBF2
:10EA2000F4FAF8F6F401FF02FFFBFEF908FCFEFA27
:10EA3000F60606040F1014130303010004F9FCF793
:10EA4000F2F0F1FAF7F5F5F6F7F4FB04FE00051124
:10EA50001505050909090001F9F6F3EEF6F3F4F7D7
:10EA6000F7ECEBEAFDFCFDF402070E0A0604020CCB
:10EA7000FF07FBFAFC03F5EEFCF4F8FCF4E9F1EE19
:10EA80000DFFFEF902040A01080F040BFE02FE0747
:10EA9000FBF8FAFF01FEF6F1EFE8F3F008080406D0
:10EAA000060A0FFCFC050108040501F705F6FD0147
:10EAB00002FCF8E4EFEFEFED04070D070F03050884
:10EAC0000B030FFB07FCF9F80507FEFA00F1FEEF58
:10EAD000E0F3F5F7F600FAF8ECFEF8F3F0F8FDFBDA
:10EAE00002FDFDFD05FF0519221A231E150E020168
:10EAF000FAF5F3F7EFF8F9FE040B1116150E0B15E6
:10EB0000141316161B1E1F14180A160EF3EA00F52E
:10EB1000F4FC05070B1B161B1509F8F5F90307157F
:10EB20000D18141F1E121414F9E6F5F6FBF8011067
:10EB300017221919F8E9E0E3EFF3FA0003070A1ABC
:10EB40001F231F15F0E9E8F1F404091D1C1F1F0F16
:10EB5000FCD6D2DFF0FE00FF0D0C10140E18161EAE
:10EB6000F0E1F2FFF9000C1B1E1F1A12EDCFCBE6ED
:10EB7000F502F903FA070410050E1523EFF000F86B
:10EB8000FC0615181B202406E8D1D7ED000A06065E
:10EB9000060700040F19132300F7FCF6F9010F0D07
:10EBA00017202007EBCDD5F00E0C0301FBFFFB0275
:10EBB000130D162AF7FBF3F900F9060717171FFDC7
:10EBC000E6D4DCFA0B060E0D08FF0113171F1D1A01
:10EBD000F8F3F8EDF4F901FF0C1315FFE5D9E7FFA1
:10EBE000090404070609080A0C191D23F4F2F0EDC4
:10EBF000F7F3F90009091104EAE2F1F8090B0C0C2A
:10EC000007080B050810151CF7EAFAF3EBEFEFF60F
:10EC1000000F0B08FCECECF502050A0405050509DC
:10EC20000B191410EFF2F7E9ECF7EEFD050C0F14D9
:10EC30000AFCF2F7FEFC050709FFFDF707101217A3
:10EC4000F5F3EFEEEDEFF5F502020C140807FFF710
:10EC5000FCFCFDF9FEEFFCF705080F11F6F5F6F2E6
:10EC6000F3F0EFFAFEFF0E0B0A0AF8F602F9FAFDCE
:10EC700001FBF004F803FF11F6F1FAF2FA00F902D1
:10EC800007FD060C1A1001F6F500FDF7F5FDF10081
:10EC900000031004F6F0FDF9FC00F8050502091266
:10ECA00011110202FFF800FDF8F5F9FCFCFF09065E
:10ECB000ECF1FAF9FA00FDFCF80D0C0F1708010051
:10ECC000FDFCF5FA01FEF1F507030C11F2F501FE6A
:10ECD000080103FA05050B141710040407FA00F5E0
:10ECE0000201FEFF080A0009EDF400010902FEFC22
:10ECF0000B091417100B0A0B0C02F8FAFB0604049C
:10ED0000FEFBFD00EFF6FFF5FEFDFA030005171C04
:10ED10001E0F120704080806010805FEFCFE05FD8B
:10ED2000E8F6F2F5F5F0F6F5FEFF10181412110BE7
:10ED3000110C0E10FF0903020403FFECECF5EAF4DA
:10ED4000E9EAE8E6F5FD02090B0C130D0B110C0CBA
:10ED5000FE06F6FAFBF4F7EFEAF4E9EFE9E4E3E59F
:10ED6000EFEDFAFB0B0B060A0B040704FCFBEEE8C5
:10ED7000F3ECE6EEECF1E8E8E4E3E3E0D5E5ECE91A
:10ED8000F003FE06FE02F2F3F2F2E6EEF2F0E8F62F
:10ED9000F0F0E6E5E7E4DFD2D0D8D8DCDEEDE7EC52
:10EDA000EBE6E0DFDDE5DAE9F0E5EFF7FFF0EEE4D2
:10EDB000E9E5E4CFD0D0D2CDCAD4D7DDD1D4D8D8EC
:10EDC000D7D8E5D9E7EFFAF5F8F3F5F3E2E5DFDBBD
:10EDD000D0CBCDC1BDC9BFC4C1D1CCE0DBDCEDEA35
:10EDE000E4E6F2F203050D0E1E181728272A282044
:10EDF00014030802F701FDFF0602F2FD050706FCF9
:10EE0000021309131B222414131B1109F7F9E7E657
:10EE1000F6EAF4F6F7FAFDFF07FFFBFE09171815EF
:10EE200020291D180908FFF0F7F2E3E2E0E6F0EE12
:10EE3000F4F4FD06F601F5071B1917211E1F1B1A16
:10EE40000C0A05F8F4F6EBEFF2F0F8FBF2F2FDFE37
:10EE50000307FBF9191C1F2B28231C190C0E100883
:10EE600004FF0805030109FF01FFFEFE010103FD88
:10EE700018211B261E1721161A161D1B0E17150604
:10EE800015170A0702040309060D0CFF1F1D1F15A5
:10EE900018141C1F1D151C1B191D191C10120F16F0
:10EEA0000D09060110100005090F0B180C111B109D
:10EEB0001C171E1E221F1E25242317160D0F0308C4
:10EEC0000B05FBF302010007F9FFFBFBFB0904063E
:10EED0001115191F1D17180B0606FFFE0104F1E599
:10EEE000FD00F1F6EFE8DDD5DBD4CFD6D7E8F803A7
:10EEF0000E0AFEF6FDF7EBFCF8F4E9E5F9ECE9D8CB
:10EF0000D9C3C3C9BCC5CBCCD2DADFE8F3E7EEF096
:10EF1000E6EAE9EFEEE6E6DDF3DFD2C1C1BECDD72A
:10EF2000DDE6E4E4E8E1E3DFE4E3EFECF9ECFB0247
:10EF3000EDF3F4F3E0D1CFC9DDE1EDF6FA0D04080D
:10EF40000B08F7F2EBF5F3FA070602050506F0FEEB
:10EF5000E0E0D1D8E7F5FE080D12101816070804F6
:10EF6000F8FB01FF030C1317120A010CFCEEE9F089
:10EF7000FB080E15150A0E09160B0604F9FBF60917
:10EF80001213111716050808FDF407FF0C0406FEFE
:10EF900001F703FF0604FC0305FB000F0E0F190F1A
:10EFA0000DFEFC0310070A060608F4FBF0FDEFEC6B
:10EFB000F301FCFC08160D1B1E110F0E00F3F208E6
:10EFC000080E130709FCF7F5F3FDF6F1FA060C0B32
:10EFD00015151D14131707F4EAF7FDFB0D090B14A3
:10EFE0000E08080E04070D0D0F1621211D1A1C0F07
:10EFF0000603F4EEEBF2F7F60A080512110D0E10F7
:10F00000181E171D2224242B26181004F1EDE1EA06
:10F01000E0E1F2F40AFC08040B1415161D1F251F6D
:10F02000202B251D1B1509FDEAEBE6E3DFE4F1F8D3
:10F030000B02FDFE0E0909131D171B23211C2012B4
:10F040000AFCEEE8E3D4D5D6DFE1E9EC03070202DF
:10F05000F9FC050A0D0D0D17080E06FBF8EBD9CECD
:10F06000CFC9CEDFD7E6E8EF0BFAFAFAFAF2F2E808
:10F07000F0EEF1ECE7F0E9E6E0D0C6CACBD2CAD2B6
:10F08000DFECECED05FEF3FAECD9E3D8D6D1DAD219
:10F09000C9C5CAC6C0BDBDBFC5CDCCD4DAE9EEF680
:10F0A00005FCF4F5ECD8D4CCC5C3BAC0B4B9BDB630
:10F0B000B7C9BFCED4D0D9DBD9ECEBF20EFDF4F654
:10F0C000EBDBD3CDD3C9C4B9B4B6C2BBCBBEC7CCBE
:10F0D000D0D2D7DDE4EDF7F808FAF7F0F3E6E3DF96
:10F0E000DBDAD0C7C2CAC9C4D1D2CCD4DFE5E3E9E8
:10F0F000E7F3FBFFFDFDFF0004F8FDF0F0F3E7EFA1
:10F10000F5EFEFF2EFF005050307FF03F6F5FD0756
:10F11000FC04F200FEFC03FF00060905FDF8FB0AF3
:10F12000FEFA0A0C01FDFFFE02FAF5F9FD0B0509D6
:10F1300013090A0312160D0A0F100A1813131508E3
:10F1400012110EFFFC070A020510110F0A1A0B1804
:10F15000131D14190A17181815160E15150B08117A
:10F160000C0D15FEFF0D0B150E12191A1F1F1B1F7C
:10F1700019181E161513171615191C0C0F100FFF52
:10F18000000E0C0E10201B1F1D1C191E13130E1633
:10F190001A151518132117191D0F0B0B04020E0752
:10F1A0000D1313231D1F19171416171A0F161814F1
:10F1B0001315131810140E12FB05080F0C14191652
:10F1C000121516171007120A0C10090810130B104D
:10F1D0000D07090902FB08050A040C131911120B8B
:10F1E000100705FF04FE0A080A0A0B0B03FA07FDC5
:10F1F00003FAFC080902091014091C19130F11FF66
:10F200000708100F040E070305FFF4F9FAFCF7F7DF
:10F210000A020A050B0C131B16181D1014121A0BE8
:10F220000D030502F4F3ECEEF2FAEBFAF3F4FEFC54
:10F23000070A1024282825191B161E120F140AFF6E
:10F24000F2EAEBDEE6EFF2DCEDEFEEF20104131191
:10F25000251E251A2320160A04FFF9EBEAE5E9E04A
:10F26000E8EEE5E1D5D7D9DEEAF7100D211B29221A
:10F270001F1B1202F2FAE6EEF2EDE7ECF0EDDCD540
:10F28000D4CBCADBE1EEF708101C130E0E0AFFF315
:10F29000E3E3E4E6EAF1E9F2EEEDDCDEDED0D1CB49
:10F2A000D8D6EFF0FE0508FFFBF1F2E4DCD8E3DE90
:10F2B000EBF6F1EEFEEDEDE4E4DEDCDADCD9D9D9F3
:10F2C000D9DBE1E0E9E2E8E6E2E8E4F1F8FCEFE7C7
:10F2D000F9F7FBFAEFFAF5E6DBD5D1CEC8CBC9D109
:10F2E000D5EDE8E9E9F3EDF9FBF7EBE505FC010DF8
:10F2F0000A0001F6F1EDD6D9CCCBD1DBDDEEF9FF7A
:10F300000304FFFDF9EBF2E60A06050F0A090D03F7
:10F31000FEF4F4F1EEECF0E9F4FBFD0B06FFFCF675
:10F32000F0F6F3E9FC07040E0B030B0006060605D6
:10F3300000FDFFF9FFFC0102FEFB00F1FAF7EEEA27
:10F34000FA060E050B080DFC09030A070706F90269
:10F3500000F9F4FAF8F6F7EBF2F8F4EBF8FDFC023A
:10F3600003FA0403FF0800FA04F9F9F8EEF0F6F9DD
:10F37000F5F0F3EBF7F9FBF5F30802FAFAF7F4FA14
:10F38000F2FDF2EFF1F1F1E5E9E8F1EBECF1E7EF95
:10F39000F0F5F4FFF6F3F602F4F2FAF7EDEDE7E735
:10F3A000E4E6E5E1E3E3EAEDEAF3E5D9E2EEF3FAD8
:10F3B000E7F0EEEAF6F2F0EDE6E5EAE7E7E0F0EB9B
:10F3C000E8ECE7EAF2E4ECE6E2E6EBECF2ECE8F398
:10F3D000F4FBEFF2F3E0F1EFEFEDEDEEF1F6EEE935
:10F3E000EBF1EBE1F3EBF5FD02FBF8FBF1F7EEF4EB
:10F3F000F4F2EFF1F9FAF9FEFBFDEEEDF2F6F4F7B7
:10F40000FFFF05F8FEFCF8FEF3F0D9DFE0DFD8DD02
:10F41000E8081713182720161C0F041313060302FD
:10F42000F6F5FFFEE5E1CBC4C6CCD1D3F60D151F32
:10F4300027211C10080405080DFE0C04FFF5EEE959
:10F44000D9D2BCBAC6C3D2DDFE0A1E241D161503CE
:10F45000FFFEF4FDF8070308FFF6ECE4DAC5BCA4F0
:10F46000A6B7C8ED151F353120110400F0F6F8F4E9
:10F47000F5030211FDFAEFEECAB2A1989FB0DF0AC0
:10F48000304140311307FAE4E2DDE5EEEEFB020B1A
:10F4900005F7EFEAD8BC9E96A4BFED2343503C305D
:10F4A0001FFCE5D6D0D8EEF9FB0409070FF8F9DF09
:10F4B000DBC1A497AEC8FD34454E3F2A17E9C6BD4F
:10F4C000D1DBE3E8F1F9F60105FEF4E7D2C7ADA719
:10F4D000ADC90A2E4C4B3F22FBCDC2C3DAE5EAEAA6
:10F4E000E5E7EDF701F5F4F6D9D0B8B5ADCA0431CA
:10F4F00044463C13DFC3C3D4E1E6EFFBEBE7E7038D
:10F5000003F8F2F6E5E0C5C1B0C7F32538402F0D8A
:10F51000DDCAD8E7EFF708F7F4F7FE03FEFA0EF8B6
:10F52000F3DFD5C9BAC8F324343523FDD9DCE5FCB3
:10F53000FE090E090D070C0605070FF8F5F1DCCAE8
:10F54000BDCFEF16312617FCEBE9FA0A060F0B13B5
:10F550001815090901F90E03FDFAE2DAC3CBF01020
:10F5600018240C02F6F4070D1515161A120F0AFED0
:10F5700006F4F90303F7F1EADAD5EAFB1610130CE7
:10F58000FD07030E111319160E010303EEF5FF0C10
:10F59000060102F7ECE5EBEF0A1015120504070867
:10F5A0000A0B0605110A1105FAEEFD09070204FD12
:10F5B00000F2E6F4FF13121311100C08F7070D0800
:10F5C0000C110602EFFE06000A030A05FDF1EDEE3E
:10F5D000F60610181212090501010711120B060593
:10F5E000F1FAF5FBFDFF0C07FEFAEEF50006161723
:10F5F000160F100405030609110A0901EEF5FCFEB9
:10F60000FAFBFB00F5F1F5F0FC09161A11131912BB
:10F6100006030306100100FCF4F9F2EBF3F8FEE92F
:10F62000EEE8E8F0FB0B10121E1C1B12090C000088
:10F63000F9FE0B05F5FCF4F1EEF6EDE3E4E9FBF081
:10F64000FA11061A1A141812140D02FEF8F2FB032E
:10F65000F1FBF7F5F1E7E1E2E4F4EFF2F600FF0782
:10F660000916121B0B0A01FCF6F8F4FDF9EEEDF396
:10F67000EFE8DEE0EBE4E9EAEEF9FDFA0B040C1149
:10F680000AFFFFF4F3F4F4F8F8ECE6ECE2EEDFE462
:10F69000EAE1EBF6F8E8F1F7F5FCF90000F1F3EE3A
:10F6A000E6E9F1F5F3F4ECF3E9E3ECE6E8E8F7E892
:10F6B000EAE9EAEDEFE4F5F7F6F0E3E2E3EAE9F789
:10F6C000EFF3F4ECF2E3E7ECE6ECEAE6E4E8DCDAAC
:10F6D000DDE2D7E5E0F0F0F1EDE7E8F0F8F2ECF28A
:10F6E000F3EBDCDFE7E2E7E1E0DCE0E1E1D4DBDB08
:10F6F000E7E2F1F1E8E8F5F900F7F3F6E9EDE2E722
:10F70000E6EDE6E1E5E6D4D7E3D8DBE6E7EFF8F3AC
:10F71000EFFFFBF5FAFC04F5F3F5ECF0F0F0F4F490
:10F72000F3F8EEF2EDF1FAFDF3FDFDF7F901060451
:10F73000FDFEEFF6F1EBECE4E3E9E1ECE0E5D7E226
:10F74000EAE9ECEAECF9F8F905F7F406FCEBF3EE7C
:10F75000EAEDE1E5DAD7DDD1CCD2CCD6DADBEDEBE0
:10F76000E4EEEEF6FEFCF0FDFFECE3E9DADADCD7DE
:10F77000CACECDD5D6CCCFD1CAD5DFE5E3F0EEECFD
:10F78000F1F8F4FDFDF2E3E7D9CED5D0D0D4C7C966
:10F79000CDD4C9C9D3D2E2E8E1F1EAF5F6F6010A1F
:10F7A000FEF3EAEEDBD0DED9CDCACDCFD2D6D9E09A
:10F7B000DFDCE7E7ECEDF900FA08110FFEFDECF4F1
:10F7C000EFF1EAE9DDDBDAE5E7F4E7F5EDF0FD047A
:10F7D0000000020C00040B0107EEF0F2FDFEF3F650
:10F7E000F0F4F3FEFD060912101710161715090E96
:10F7F00007FF0C071002F507FF03060110080F1A98
:10F80000211A25222C2928211E160B09FF0708FF83
:10F81000180E07110916181E202022273529333605
:10F820003032281E101202FCF7FAFC000B12131AD9
:10F830001C24271E2B1F2B29342C382F3A23160D5E
:10F840000C00F8F0E7EAEBFA1306140C09121B158A
:10F850002021191E0F17170D0E140E0B04F4E6E2EB
:10F86000E0D9E1010B0D0B080506060C04FEFBF7C1
:10F87000F4F0F0EEECECECF6F7F1EAE5DEDBE2F9C1
:10F880000AF9F9FCECF0F0F1EEE8E9D8E0D9D7DFBD
:10F89000DCD7DCEDECEAE7E9E6DFEEEE00FFF2EDC7
:10F8A000E6E4E3E4DCDED9D7CDDEDADED0D4D7E29D
:10F8B000E5DCEBEFE2ECF4F8FCFCF4EADBE3E2D9A4
:10F8C000DFDFD5DDDCDBE3E4D6D1D4E3DDEAEFE94D
:10F8D000F2FF011001FCF5E1E4E5E3DFDBE7DEDE4A
:10F8E000E5EDE8E5DDD7E1ECF3F2F5F500070C1105
:10F8F000FB00FEF0EDEAE8E6E7E6EEE6E6E8EEE33A
:10F90000E2E0E3F9F7F8F5050613140CF70104F942
:10F91000F7F2ECF8F1F3EEEFEBF3ECEAEBEBEDF3EF
:10F92000EDF7FCFF06130705F90A01060A02FBFAC8
:10F93000F6F6F5F8FAF5F4F5EBF6FEF90909090320
:10F940000E0F0B17040C140C0D05030A0D0F0B0101
:10F9500006080401060B0F120C09030F080E0B0B0F
:10F96000F8131B101817181E2720222123202221EC
:10F970001F1B1B211F17120B14140C1003070E144E
:10F980001E23282733383C3F3D3A3A413D36312645
:10F990001E1318191418140B0002141A14171F2A16
:10F9A000342F414343403E3E3E3028241E1B11036A
:10F9B0000F0D181509FD0E0E1E161A282A313631A4
:10F9C0003F393A3B2C2A1D121D140D0A0E100AFB5A
:10F9D000030508080B14151B1F232A2C2D2727208D
:10F9E0001A1615100B0A0B04FA0104FC08FEFE029D
:10F9F0000D0C0909150F13190E120D100B0802FB3F
:10FA0000F800FDF9F9FAFB080A08FDFFFAF3F80C13
:10FA10000B090700FC06FFFAF2F7F4F6E8E9EEEF4F
:10FA2000E7F9F6FF0502F9FCE6E8E0E3E0E6DFDEF1
:10FA3000D8D9E8E2E1E5F1F5F3FCFBF2F6F5F2FDE9
:10FA4000F9F0EDECE2E1DFE1E4D8E4E2DADFDBE279
:10FA5000E2F2F2F1F8FCF3F3E7F1E2EBF5F3F0EBAD
:10FA6000D5D2D9E1E0DFDFE1DAEAEDF4F0FE08FF1C
:10FA7000FDF8FDF7F5EBE9E8FBEFE9EBD9D3E1DDC4
:10FA8000E1D9DFE3F7F8FE0A08FF0406F501EFF21B
:10FA9000FCE8F0E5FAF4E5E2E2E0DBDCDFE6E2FADE
:10FAA000FD0504130F100E0B0603FFF5FCF4EAEE40
:10FAB000FDF1ECDADCDCE1DBEAEBECF4030D110A3E
:10FAC000110C090D020BF6F6EFEEFAF1FFF9E0DA90
:10FAD000E7EBE2E7F4FBFA01050C151A0B0B100D2E
:10FAE0000009FBF5F7F6FAF9FAF7E1EAE8E1E8EAE6
:10FAF000F3F7FF04081B0B0902FBF90C0702FB03D9
:10FB000001F7F3F8F0E9ECDFE5F6FCF9F801010B99
:10FB10000C140D0A0500FEFD0B050B04090BFAFF82
:10FB2000EFE9F4EEF1F4FDFE02FA060D0F0C090107
:10FB300001FF0B1617131A10080A0C01F9F7FAF94E
:10FB4000F6F502060602FF000A0C06090010081C62
:10FB50001A211E110F0A0E0CEBF0FEF60308000529
:10FB600001FCFF0409FBFFF9040605161D191C0B17
:10FB70000D0D010DF3FA03FA04FAFEFFF8FAF8028C
:10FB8000F7FBF6F7EFF9090B0F111816080E0F0E19
:10FB9000F4FDFBFA0105FEFEF7F702FC080400F293
:10FBA000F5F206100C1615120407090EFA050204E8
:10FBB00001F8F8FCFF0206070C03FFF7EFF9FD0C54
:10FBC0000A0C160B02080B0D0A0206FE04FCF905CE
:10FBD00001010708131304FEFB010A0E14040212AC
:10FBE0000A0F01080F090207FC030703050D170E92
:10FBF0000A0C0AFEFC0805050900050503090305B2
:10FC00001007050A0CFB05070407080E100201F98E
:10FC1000F9FF0409080703FCFB060B0D070D030E93
:10FC20000C07051007070D090303FA00FF0C02F982
:10FC300000F703020603FF110B060C04110D140D4F
:10FC40001508060003FAFDF9020301FBF8F80303A7
:10FC5000040D0B0EFE1619160D0C1614140DFF07CD
:10FC6000FEF6FAFF02FC06FAFCFC081002060C077E
:10FC700002121515151217130F0B0C0800FC0702C2
:10FC800004010500F7FF0F040713100A0407140E00
:10FC90000F1D1E0F170F040A030102FA04F8F600E5
:10FCA000010A0E18160C1813FC030E1217141A1A58
:10FCB000120A0305050207FFFFFDFAFAFB08121DF1
:10FCC00018150C0C02FD09120C171B1E1110100B3D
:10FCD00006030106FBFC060106060E1F0E1A15128E
:10FCE000F9FA0B0008111917141018140811070459
:10FCF0000D0C0D040C080B142111090F0305FFFE58
:10FD00000E0E06160C1118121217130D050611030C
:10FD10000402031312080C0CFAF4F4FD0C070DFE98
:10FD200003090E02060CFEFDFAF6F4EEF6FE0215CD
:10FD30000F080D0C01000D1813121E201F241F3078
:10FD4000281C181311171305F8EDF4F1EAF2040159
:10FD5000060D02111C1716181B1D231E1E2112143E
:10FD6000180A1307FFF3F1F4EDF5EFF3F1FE0407C2
:10FD70000B0D0E090B1010181A1C1C151D1209076B
:10FD8000FDFDF8F1EDF6F2E8FF030004FB060A04BE
:10FD9000050C000A1818191811110800F1EFF6F1F6
:10FDA000ECF8F2F0FC0C130AFB09FC00FF03F80B63
:10FDB00008171C191D1702F8F8EFE4EAE6F1E6E26D
:10FDC0000A120BFEFD03FFF9F8F90505010A171BDE
:10FDD000121E0E0203FBF8EAF0E4EDE2091103FD46
:10FDE000FEFC04F9EFF5F9FFFF0E121D1B170F19AA
:10FDF0000BFEFA00F3F2E8E30500FBF7F5FDF3F381
:10FE0000F4F0F6FC0014171820161E190C0CFCF464
:10FE1000F4F8E9DF01FDF9F7F4F0EAEEE6E7EEF5D4
:10FE20000C1119191E171B191E1507F5F5F4E7E13A
:10FE300000FEF2F2E8EAE8E5EEEEF5FB020D14163C
:10FE40001E1422221A231207FEF5ECE7F4F7FBED4D
:10FE5000ECE7EEF4F3EDF9F80907110B1B1D1C1983
:10FE6000251E170CFEF3EEE1FDFBEFEDEEF3F8F5CA
:10FE7000FB01FBFDFD00FE08050A081A19181E14F7
:10FE800008FDF3F9FD05F4F0FDF508050704F8F7A2
:10FE9000FCFDF8F602FA0501181918190C05010401
:10FEA000FDFE01F8FD03FEFBFDF703FCFCEFEEF9A0
:10FEB000FDF9FAFB0216151E131216160907FFFEAE
:10FEC000FF01FDF000F8F4FE01EEF1F6F9F4ECFCB0
:10FED000101411191A181A1C01000802FBFDFDEF7D
:10FEE000F2FCF3F9F9F9EDF5EFECFDFB140D151D3E
:10FEF0000C0E100E1107FF030302F4FEF3EEF3EFF6
:10FF0000F6FCF5F7F2FAFD050E0E0E141219160B9B
:10FF1000050608F80BFD03FCFAF6EEF0F8F3000313
:10FF2000FCF3F5FD030E070C0D1107090C03080A7D
:10FF30000C09FF08FE04F4F4F902FEFDFD00F2F3E3
:10FF400005040C0410090C00100A0710050BFF072C
:10FF50000E07090201080E120700FCFBF60906FC59
:10FF600000020CFC0208081414120E0D0E100A0CEC
:10FF7000141E1812100BFFF7FBFB03030AFD0D0004
:10FF80000A030E070C070A130C12161219171C1A73
:10FF9000070C02F4FBFDFB02FB02F6FC09090A0553
:10FFA00012121412101810131122180C06FD03F56A
:10FFB00000FB00FC02F9EFEB0810131311060A070F
:10FFC0000B1214191710190FFF07FCF3F2FEEFF1D3
:10FFD000F9F6F5F20409051302040A08110F0E0AD6
:10FFE00012110801FAF8FFF2F5FBF1ECEEF4F5F46A
:10FFF0000A0A000D0A0705020D0914100904070575
:020000040801F1
:1000000005F6F4F3F4F8EEE9E5F1FDF605050F1059
:100010000203FF0E0E090B0806FDFCFAFCF2F2F6D5
:10002000F3EDF0DCF1F0F7FE0A0A0B0C0503080F04
:1000300006FE0BFFFD00F8F3F3EFE8EEECE3E4E37C
:10004000EEFBF7050400EDEFF1E7EFE9F3F301094B
:1000500000FDFCFA06FEEFEAF2FBF4F9E8EFF7F830
:10006000FEF5F400F0EAF104030F0C080C0F020295
:10007000F9FA0300FEF1F8FDF104FD090C01ECF9B9
:10008000F6F9FC0009100C10030405FDFB01FBFD53
:100090000001040900FE0C03EDF5F305F40103066D
:1000A000030D0708FAF6FDFAFAFCF1F703F8FF046E
:1000B0000D010E05F6F2FBFCF9FEF9080A03120227
:1000C00006F7F900F1F9F7F0F4FAFCFC030D0D0E58
:1000D000FDF3F9040103FA050B0B0C0AF7FBFFF61D
:1000E000F5FBF3FBF8FEFBFE0104040AF5EEFA074C
:1000F00009FF07FF0D11121200FDF8F901F7FB07C8
:10010000FEFDF60202020B07F9FF0103FC030501E5
:100110000715110E0A04F6FB03050AFCFEFFF7FAA9
:10012000000A0704FDFA0309FFFB07FF0C0B150F7C
:1001300005FAF2F6020907FF03FF03F80918110890
:10014000FFFB020807F907020A0E161107F4F5EC87
:10015000FB0F09100F0D06091416190CF1FF05000D
:10016000FD01010805070C130AFFE8F2FBFF1B1B4A
:100170001C12110A0E121414EBF9040B070C0A00DE
:100180000003121F15FFE7EEF806FF13120B080419
:10019000190E1514EEF9090C0C0D030009081929A4
:1001A0001D0BEEE7F6F207020E0F0A0E12191018D9
:1001B000F6F1FA0A140A0B05070B21262A0BECD7D5
:1001C000E8FA02FE06FB020A0E0D1E1AFEF7F905FA
:1001D000020C030C1116273C2C0CDCD9E0EFFF07B6
:1001E0000A070809170A1607F701FA00FA020608B3
:1001F000202031402F04D2C1DAE6FCF80806FF06C1
:100200000D111406F4EBEBFFF6FE091D24293A3F0D
:1002100028E7C4C4E0EBF2F6FF00F6F304FD0501A5
:10022000F5EEF2FD090615252837404115D4B8C969
:10023000DBE6F6F8F3F7F7FBF1F0F7FDEEF1FA0A7B
:1002400001191D2E293B3A2DFDCEC0C3D4E4EBEDA0
:10025000F0ECF8EEF3EFF001F8040410171B262C75
:10026000383D3D1FF7DBD3CFDBDBEFE8E9EEEFE80E
:10027000ECF2ECF8FE0B101A20252B2A3537361F2E
:100280000DFEF2E6D9DADAE0E6E0E8EDEEECF2E5D2
:10029000F60410101F25222A2832281C1A01F6F90C
:1002A000E9E0DAE1E6E3E4EAECECECDEF2FC151876
:1002B0001F1822242123251B15150503FCF1E4DC5E
:1002C000E5EAE9E5F1F0DFD9FB000A1A150F1C2475
:1002D0001D262619150E1109F6EFEAE3E8E5E8E612
:1002E000E5F6E9DBF90206111A12160F1D131820A4
:1002F00017110D0F0402F2EBECEEE2D6D0DDE6E0D2
:10030000F0FC0A1207111411101B1A1F16181916E7
:100310001302F7F2F6FAF0DBD7E9F1E3EF04F902A2
:10032000FCFD080B1A13131D211E1F15100107F8E1
:10033000FCF6EDE9E3E2ECF9F5F0F3EFF3F3F805A1
:100340001104010D11090F050C0EFD05F7FFF7E46F
:10035000E1F0F2F402F903050505040107FF0703C4
:1003600003020914151210070E060701FBFE010116
:10037000FFFB050BFD07FD0E0A0C010B14111014F9
:100380001D15120F0C150B0803FF0200F001F502FA
:1003900000F602FC0502FE060E141D1B151F192097
:1003A0000F0D04010F010606F7FA03FDF1F9F9FF3D
:1003B000F909FE0613101E18151A1A1012150A0153
:1003C0000B0006FCFC0107FEF8F1F601FE05040D2A
:1003D000091418150D0F1415080B05FBFD06F8067A
:1003E00005F800FAFBFEF6F8FAFB05030C0D181BE6
:1003F0001B0D060601FCFE05050604FBFCFE00F3D2
:1004000002FFFEFBFB00060B061617151C11050A62
:1004100000F703FBFCFD07FFFBFD04FFFD0200F8F6
:10042000F1F7F90808121D140D0609FAF8FCF70394
:10043000FCFBFAFEFA03F2F3FDFCFBF4ECFAF9FD27
:100440000B10140D0E0900F3FAEEFD0002FCF50589
:10045000FEF7F7FDF1F3F1F2F3EBF7050A14140DD3
:100460000A09FD03FBF9FF04F7F601FEFCFCF3F9B2
:10047000F4EEE9ECECF5FC120A0E0E0C0D060FF989
:10048000F4F7F6FAF3FAFAF9F702FAF3FBEADFE324
:10049000EB0513171D1213070D0402F5EDF2FCFB1B
:1004A000F2F900F0F6F1FEF3E9E3E8F2F209101BCD
:1004B000181312100A0BFDFBEDF0FAEEEEFBFB0039
:1004C000F8F7FBEFEBE9E9E8FF070D1A0F14100F3F
:1004D0000A1101F2F5E7F8F1F5FFFBF5FC01F2EF87
:1004E000F3EEF7F1FD06170E10070E0E1310FBF0DA
:1004F000F1F7EFF4F8FAFD010701F8F3F4FEFAFC66
:10050000FE08110E0B030B121E0606F8F4F3F2F8A8
:10051000EEF3FEF0100A0411080B080A100A130D7E
:10052000FF0B1B201912FE0404F8F8FDF7F7FCF08E
:1005300008090C1010161414130A0F0D08141A1CB5
:100540001008070008FBF701F806FEF40C0D120E68
:100550001518101418191105090E1A1C1816110D6A
:10056000090EFF050405FD010A03170D140C100EFA
:1005700016040A041217221D1B1D171713100A0D4B
:100580000D0503070D050A0A070D0C0F0F0D0312C9
:10059000131D151E161B17150B0B0F11090F040346
:1005A0000D080F13100B020706000B0C080B151794
:1005B000120E0E0710131113090D130F100D030C5B
:1005C000040C0102FE04FF09050F14131114070F98
:1005D000090D09071208090F04090CFE090A0D0884
:1005E0000007FE020C0909100B070008010C0B0F95
:1005F000190D1116F80D0C0510050103010E040963
:10060000060808140E0809080B08150A13161B1211
:10061000F906090A0603130C0511090A060C131A38
:10062000121A100F0F15131610170B0FFCFF04FBF7
:10063000F7FE07070B0F060D1713170C131D1B15DD
:100640000A1815180F090D00FDF7FCFF0209090C27
:100650000306090D0B070C040D0B1005120E070401
:10066000120C070CFFF9FD0104FA0506110B0B0E25
:100670000A07100D06100C0607FBFD0311120D0DE5
:10068000F3F3F7F4FC0A0C01020206090506070061
:100690000308FD06050401030A0503FDFAF3F8FE4D
:1006A000000B08FB0005FE000A0B0402070305FE11
:1006B000FBFBFAF6F0F3F702F803F5F505FB03FA96
:1006C0000606FB050C10060E130A0607FFFF00EED8
:1006D000F8EAF9F7030BFF00FB02FDF8FAFEFC074E
:1006E00000040C1914171003F900F7FCF0F400F0E3
:1006F00006030302F5F3EFF4F6F901FD080A0D1104
:10070000101614060203F9F7FBF9F2F301FD0705D1
:10071000FFF5F2F9F8F9F8FF040A0C0E0A0A1405BD
:1007200002FEF4F3FAF7EDECFE0CFA040203FBF51B
:10073000F6F2F30506070D031009070DFDFAFFF7A2
:10074000F6FAEEF105080AFAFEF9F9050408FF07C2
:10075000140B0B0C160D0A0403FFFBF4F5FBF6F566
:10076000100501FC07040604030506100D16140D00
:100770001E15150C04FD0603FAFEF0EE0C0C0CFE23
:10078000050C05FF01080D060F0F101010190E0EB5
:100790000AFEFFFBFEF7F7F516110B0F0407020325
:1007A000FCF8F4F4F7FE0D0D0C0E0C0F0408FE031C
:1007B0000202010215140B09010803FBFCF2EFEB26
:1007C000E2F3FA050F1310080F0D120E040201FBDD
:1007D000070E0D00FF01F3F4E9E4E7DAE3EE0202AD
:1007E000111218130F150E03FD00FCF8090C07FC7D
:1007F000FAEFFFF1F1E3E0DCDBECFA0C18110E1379
:10080000120C090D10FAF4EBFAFDFBFBFCF2F2F509
:10081000F1F4EBE3DFEA040618130D0D11131919B7
:1008200007F9F2F6FFFDFC0102FDFFFBFFEDF1E32E
:10083000EDF2FC130D1515181112160D0601FDF53C
:100840000703FBF80002FF0006FFF7EEEAEFF50AE8
:100850000D06121C201514121208FDF103FFF8FEFC
:10086000FB0E00020703F4F2ECECFC000D0A0F167D
:100870001C1F180C04FCF6F404FEFBF5F7FFF70050
:1008800003FAFFF8EDECF4FEFC0A0D131A1313053E
:100890000BFEF8EBF8ECF4F6EAF5F5F0F2F7F3EE10
:1008A000EBEBF6F200070E1716090BFE0000F1EF56
:1008B000FBF5EEF3EDEDE4F0F2F5EFF4F2F6EDFA20
:1008C000FF0A1114160C13070801F3FC05F1F2F0EE
:1008D000E2E5EEE9EF00F2FAF7FAFD06FE070C0C8E
:1008E0000F10030405FDF7F5FE02EDEBE8E5F2F667
:1008F000FBFEF805F801FE0307060F0C070D0803C1
:1009000001F8F7F703F5F6EDF6F6FBF8040206FB3F
:100910000305FEF80108010E0B0A05FFFFFDF702B3
:10092000FFFBFAF50000FF0206080007F5FEF2FDE6
:10093000F20106010C03FD0507FC04FF0510100C75
:1009400006130810100A05FCF7FEFDFEFBFFFFFB77
:10095000110B08150912000A14170E11181111199C
:1009600016131C110D151012140C0F15151312125D
:100970001B161308FF01FD03FAF6F8020703F0ED5A
:10098000FBF9F6F6FE00FF0105030B0D1309090A3A
:10099000020B0D0F0500F5080A09FF0103FFFF0117
:1009A0000202050C060C0F011512070C0D12150A98
:1009B0000F110A1918140A10050E0708090F030869
:1009C0001003111111080C170818191A19131D1A00
:1009D0001B1613180B0B0A0B050A09FD020D0F1845
:1009E0000F080C0B150E17140F1C170B11160D0EFC
:1009F00013080106FC09FEFC010A10110C170C1368
:100A00000B0D0F0F0C0D070A18140D090D0103F93A
:100A1000FDFFFD02FAFD080E0D0A10110C100F1457
:100A200010FE090A070F0F0300FA00FDF7FAFBFC9E
:100A3000FBFAF90509110D1813110C100408FD0239
:100A4000020B0F181413110703F8FAFBF9F901FD53
:100A50000B0B151B1E0B110E0A05050517131D2187
:100A60002E1F1E1A14090CFF02F5F6020F060F1DA9
:100A70000F0AFF03FF000009151F2B353527292317
:100A80001D180BFFFAFC01050306121202FEFCEF13
:100A9000F4FBFAFBFE02111D1E1D1F19190D0AFEA3
:100AA000FFF7FC010F0D0A0CFDF4EAE5D9DBDBD7FB
:100AB000D8E1D8E2F0F8050BFA04F8FA04F80409D2
:100AC00001000111FAEFD3CEC2C6CDC2CAB8C9C95E
:100AD000D3E2F1F7F6FFFAF7FDF8FAFA0401FF079F
:100AE000F1E6C5C6BBB8BEBCBCB8BFBDCFE1EFFE2A
:100AF00003FEFCF6FA070001FAFC00F7EDD3BEB8DE
:100B0000B2BEC1BEC2C6C8D2DBE7F6FB070201FB1C
:100B100009FD0103FCFD01EFE9D9CBC8C6C8CCCF64
:100B2000D9D5E0E5EFFAF90D0404FE01080B000445
:100B3000FE03F6EBF0E6E9DFE1DDEAE4EEFBFAF9CD
:100B4000F3FA0A07FDFD0000FD0304FE0C03F5F5B2
:100B5000F1F5F1ECF2F5FBFF060F110C090A0C029E
:100B6000F9FAFFFD06F9FF0208020300FC01FC0D83
:100B70000E121322231E241B150C0D09F900070465
:100B8000FC03000C0C0C09FA0809071D2B29323153
:100B9000282B222115140D000404FD050607FC0175
:100BA00007100E0509040B1C282F302F27221C1AB2
:100BB0001911000601FD01FDFF0303050002080AEB
:100BC000070B14161819190D190D0B0C05FEF7FB60
:100BD000F7FBFAFBFBF2F5F50306FF06090B130A18
:100BE000081307010B0100FF01F9F0F5E8F4F5F631
:100BF000F6F0EFF1FA03F5FB1209100E09090204F1
:100C0000FBF6F9F8F2F3EEF0F1EFEFEAECF6F400B0
:100C10000102F3F01308030CFD0402F8FAF6FBFFDF
:100C2000F5FAF4F4ECF2F5FBEEFEFD0008EFE8E770
:100C30000B100C03040BF906FBFCFF03F9F3FAFAA3
:100C4000FBFEF6FA02FFFA04F0F4E8F0FDFB0706FB
:100C5000FE030100FD0B04FE010100FBFF02040680
:100C60000304F8FBFFF6F7F50A0F0B06040D07085F
:100C7000060B111112120C070C0B05070BFCF8EFF9
:100C8000F5F6F9FCFDFF05F2F3F4FFF9030B07138A
:100C90000C0B080E0D0F020E0D02120E0C090FFFA9
:100CA000000704F6FBF602090B14151D1E1D1B1987
:100CB000131717111111150D070F0A11FE00FDF47E
:100CC000F2F9FCF5010B0C02090A090C05FF030AF5
:100CD0000E130C0F12151408F3FBF8F2F3F3E3ED07
:100CE000EEEEF7EEF7F7FAF3F9FDFAFAF8000A1369
:100CF0000C090CFFF6F0F1EFE5D9D6E4DFE9E9EFF6
:100D0000E7F0E8F4ECF5EBF1EFFCFDFD0D07010475
:100D1000F5F9E5EEE5E4E2E1D7DFE1E6EBF5F7EF43
:100D2000EFECEEF2F0EEF3F4FA060611F1E3E1E592
:100D3000E8E2EBF1EBE3F6F4F2F9F5F8ECF0F1F1BF
:100D4000F1F1F3FE020C0909F5ECEBF1F6F8F7F21C
:100D5000EFFDF7FDFE0100FEFAFEF2FFF7FA0502D5
:100D6000050E110EECFEFFF9F0F3F5FD02FFF7F3AF
:100D7000F5F401F9FC00F90AFC00FFFCFD0A13126E
:100D8000F2F7FDFEFAFCFFF3FFEFF0EDE6F7020CE1
:100D900005080A0C110100010A0A060FEBF307040B
:100DA00007F9F800F2E4EAE3E9F309111C100B0873
:100DB00008050A05040E0F0CF4030A03F9F8F2F80B
:100DC000F1E8DBDBEE0718281F111108080904FA07
:100DD000FD080914FD070E05F4F6FDF4EAE8E9E65E
:100DE000FD0E161D170C040A0506F9F8FF0C091173
:100DF000050305FEF3F5F1F8F4F1EBF7021817120D
:100E00000805F7F2FAE8EC02FD070E15040A0300E4
:100E1000EFF1F0F0F8FFFA08191F140D04FFF7ECDA
:100E2000ECF2E9FA02021007F906FBF3EDF0F5FB2C
:100E3000FB09FD121616190506F3ECE2E7F20007AE
:100E4000150E080B04FF04F8F4FCF3F9FEF6F7089E
:100E500012160D0BF9F6E5E7EEF70E0F1E1E040550
:100E6000FBFB01FA06F4FEF2EEF1ECF904FFF9F6F1
:100E700000F6EBEFFC151A1A1918FEF8FF08090620
:100E80000405FAF9E7E1DFE3E9F8EFF2F8F4FD062B
:100E90000E1B1E1A1C19F9FA020A0C0D0C0701F997
:100EA000E6E0EDEBE3E9EAF4FE0C1019161F1E175D
:100EB000170DF9EE0B0F09120C1603FBFDF0F6F4FB
:100EC000FDF701FE141E1D1D222722220FFCF6EF46
:100ED0000F0F090C1A0A030C03040E0B020E071263
:100EE000141D2B25282918140604F0E70A06080605
:100EF0000C070C10160D0C131415221B201E262691
:100F00002220180904F8ECEA0802020F0B0A151156
:100F100012141115181A1D1E1E291F1D0F0E09F877
:100F2000FAF6E5E703FB0C0C0B121017131118214E
:100F30001C251F261E171317130BF5F1E9EAE1ED27
:100F4000FAF9070A111B100E18171F1B23272B274E
:100F500027140803FEF3F3EBE2E3E0E400010508E5
:100F600006020F120D0E1B1A251E1D22150D06FE60
:100F7000FCF1E2DCD9E0EBF2030904FEFFFE0A0F0C
:100F8000100C0E171D19170B0CFFF3E8ECEDE5EE36
:100F9000EAE8FAF305000D0C110C1409070BFBFF2E
:100FA000F3FF03FDF60104F6F702F3F1EEF7040593
:100FB000061518180600010409FEFFFDEEF6F8FFFD
:100FC000FAF8FCF90003F7F8EBEDF5F0F6070F007F
:100FD00005F1F505F4F8FD00F8FFFAF5FEFD03FC58
:100FE00005FCFCF5ECE9E9ED05F6FDFF01F0F5FC8B
:100FF000FEFFF60402000003FC02F7FA02F4F7EC2D
:10100000E9E8E6E4F8FB050AF0F9ECFAF4F6F8038F
:10101000070801FFFDF4F6F3F6FEF1F4EEEDECE364
:101020000D0603FBF0EAEAEBECF7FAF4FBFE03062D
:101030000205FBFAFFF7F1F2F0EDF2EB0204FBEC34
:10104000EFE5EFF1EFEAEEF4FAFE0405FDFF020230
:10105000F5FCF1F0E8EBF5EB03FFF3F5F2E6ECE974
:10106000E0EDE4EFF1F2FE02F7FB00F3EDF6F0F352
:10107000F2F7F8F00203F9EAE5F1E6E4E2DFD8E39B
:10108000E8EAF1E8EDECF6FEF9F7ECF2F4F8F1F944
:10109000F2F9F0ECEAECEEE4DADCD9E1E9EBF1E6C6
:1010A000DFEDF0F5FDF3F8F6F8F5F5FDFAF7F4ED00
:1010B000E9DCE2DFE9E1E4EAEAEBEBE5E8EAF6F9AC
:1010C000F4FC00FDFEF8FAEEF1EBF8EAEBE8DCE9FF
:1010D000EAE8F1F1EEEEEAE5D4D8E6F0F0F100FE50
:1010E000FAEDF7F1FBF1EBF7F4ECEEF4EEFBF4F7CD
:1010F000E7E6E3D0D4D8D9E4F1EBF7F9F6F7EAED77
:10110000F1F7EFF4F7EFFBFD060802EEF1E7E0D7A9
:10111000D7E3EBEEFC050C010CFDF602FF00FF022D
:101120000B0A1216130E1407FEF3E9EEEDEDFCF8B0
:10113000090D1D120F0A0805120EFF0C14161F27A9
:10114000272D2D1811160F0E0F0D0F1D1E24190F10
:1011500015110E17120C08120F1418202A313434EE
:10116000322E2A24162322261F2619160710090EAE
:1011700017150F0B19141A292A2A35322D2A221E67
:10118000202B2C2B2021191A120B17161200090BD9
:101190000E101621202524272A2A221E2B2226243F
:1011A0001A141811130F0F0F0A03020D0C16101941
:1011B0001E171C221F202523271E241F1F0F0D0C66
:1011C000090C070C13060502100F030D0B14140F66
:1011D00014191A201C1B2217131409130BFF060BDA
:1011E0000E09FCF802F6FFF701FE01FF0D121812BE
:1011F0001B171A16130E0C04FC0101060AFC01FC55
:10120000F0EBFAF2FEF8F30402FF100B0D0C0708E6
:1012100000020501F9FA06FAF9FAF7EEE5F3EAE851
:10122000EBEFF0FDFDF7FEF6FEFBF2FCF7EDFDFF48
:10123000F4FE0006F9F4F7EAE6F1E9EBECEEEFEC88
:10124000F5F3F3EFEEE8E5E8E8E5EDF1F3FCF7019F
:10125000FBECF4F3EEE9F2EAF6F2F9FBF6F4F1EC6A
:10126000F4EBDFE2E1E3E8F6F7F6050406FFF2F15E
:10127000FDF7F6F9FBFFFFFCFBF5FDF8EDE6DFEB14
:10128000E9E8E8EBF7F3F7F4FFF8FAFFFB04FDF702
:1012900001FA00010200F7EFEBEDDFE8EAE6E0F427
:1012A000EEE9EEF1020B16130E18160F1A0F060ACE
:1012B00007F6F4EBE2E9DFE2EEF3EFF8FC000401FD
:1012C0000E13141910171C1818150B0403F9F2DF6C
:1012D000E3E3DBDEE1EBE9F3FAFFF8FB051A1619AD
:1012E000151A1A1419150F11FFFCF5F3EEDFEAECCD
:1012F000E7DDE1E1EAF8FFEF13240C19111B0B13F2
:101300000812121407FFF6F7E9EDE7EBECE6DFE170
:10131000E9E4E8EE11200E0912110E0E0F0D01077F
:10132000070704F6FFF2F1E8E8ECE9DDD7E4EBECBF
:1013300014150F1016081407070A0B0F0D0D100ACD
:10134000FEFCFBF9F5E8E6E0E1ECE2E81D261A1404
:10135000040F10071310161C1017110D0D01FEFAC3
:10136000FFF3E9E0DCDBDFE41C1E1A16141515069A
:101370000D232421271A1B0FFE04F7F7F5F4E7E1EC
:10138000DAE3DBDF1F1615111416120B10192327D1
:10139000312A120AFAF5FA0105F2E3DCD9DDE3E5B8
:1013A0001A0E180E0C12140F0E171E1A28190DFC07
:1013B000FAF302FE00F3E6D7D3DCE1EB100309FEFB
:1013C0000904150B07040C0707070C0504010209A3
:1013D000F6E3D6D9D7DEDEE8050200F9FFFE04FF0A
:1013E000F3EEEBE2F4FDFF0C08090FFAEBE2D0DBC1
:1013F000DFD5E8E6FEFBF6EFFAF1F1F2DED8D6DE55
:10140000E302020A141205F7EBD5D1DBE0D7EBE8D3
:10141000F4F1F5E6F4F7F1EAE6D9DCE4F1111C1495
:101420001604F6E6E0D7D6DDE1DEF2EFF0EEE6F107
:10143000FBF6F3EAE9E3DDF30A1B221210F9EBDB1A
:10144000D3D9E2E5EDE6EDF6F1EAE2E5EFF2E8EB1D
:10145000E3E2E6F7141A1B1A00F4DDCFE1DBE4E95E
:10146000EEF20205FEE2E8E5F4E1E2E5E6ECFC037B
:101470001815120BEFE2D0D5D6E6E4EE0200F7FB2A
:10148000F5F1EEE3DEE2D4DFDBE7FB100C190B0332
:10149000E5CEC7CEE5E5EFFBFAF9040402F6F0EE7F
:1014A000DBD7D4D6DCF000110E160FFCEBD8D5D864
:1014B000E3E8EEFA01090A1006FAF6F5EADBD9DCF0
:1014C000EAFD0D13171E0DFBF2E4E3EFEFFE03013F
:1014D0000AFFFE0709F7FAF1EAEDEEF30D0E10121E
:1014E0001C0F01F8F1F5F9FAFD01FFFEFFFE0507FB
:1014F0000AFCF9EFF902030E141C231C120905FE65
:101500000002F20600FD0B08F7FCFE0E070E070CAA
:1015100003111915272324220D05FD01FDFDF909ED
:10152000FB02FD06FDFE0C070D10111315162521FB
:10153000281C1F190D02F9FF010204FC01FA05F62F
:101540000307FC0606091616171F252720191B0777
:10155000FFFDFCFDF7F5FDFFF6FA04F5FAFBFBF9DC
:101560001415131C191722211A150E08FBF1F7F98F
:10157000F4FCF2F2F8F901FEFD0303FE120E101A5C
:101580001D231C1A170A08FAFAF4F6F8FCFD00F7F6
:1015900002010006FE0C080A0C1913222E241F1942
:1015A00016180BFDF804F501F40303FF0102080F00
:1015B0000300010801F702FEF400EDEEE9EAE5DDC3
:1015C000DAEADFE5D6D2D4DDF1F1F3FAF8F9FFF883
:1015D000010700F9FFF3E7EBE0E8DCDED2E1E5DD4F
:1015E000DCDEDAE5DEF3F5F5EEF2FEFDFC0406FFE7
:1015F0000804F2F4EBDDDBDDD2E2E0E1E7EFF4E05A
:10160000F5F5F3F3FB0409F609100D060001FCF2F1
:10161000EBE0E7DFDDE7E8F6F1ECF3FB01F8F702DA
:1016200007FA09FA0A0B06FCFCFDF4E4F1EDE5F01B
:10163000EEE9EDF7F1F9FA03FC100A02FE080B02DD
:10164000FE0B06FFF4EAF0D9E4F0F6F4EAF8FDFA4E
:10165000FDF8FE02050603000206F8FEFCFF050287
:10166000F2F4E1E1EDF3F6F2F3F3F5FCFBF6FA0B3D
:10167000080603F5F7FCFE03FC00F7F2EAF2E1E2EC
:10168000EBEDFDF5FBF5FFF7F5F6F5FCFE0B0809B4
:101690000607F7FD00F3F6E3F0E1ECECEEFB00F4F7
:1016A000F4F10505FEFCF7FF0A050D0CFDFFFB023A
:1016B000FBF1F9EBE0EAEBEAFAF9FEF9F0F50607DF
:1016C0000704050B13151017130B0301EEEBE3D6FC
:1016D000D6E4F5F2FBFDF9F3FAFD140E130A080542
:1016E0001C1A191E16080D06F3E8D6D1DAE5EBFC34
:1016F00006FBE9F200051A120B080A03091A1A215F
:101700001C1001F4E5DDD2D3D6EAF50007F8F2EFBC
:10171000F911190E0300FF060613181D0E0C0CF626
:10172000EBE1D1D1E7F2F800FFF5F7F6041521154A
:101730000A07F900FD041A1417060403F4DCE0DCC0
:10174000F4F7F9F8FFF6F2070B1824140709FCEF79
:10175000F9F708111309FBF1EDE5E2E6EAEEFEEF19
:10176000EEEEF601131E27140DFCFAF1E9EB030B64
:101770000B0AF9F3F3E6EAE0DFF0F4EFFAEDF10932
:1017800013181E0E05FBF1E9E9EB02000801F2F85F
:10179000EAE3E1E6EAEAEDF4F4FAFC0F0F0F170DC5
:1017A00001F0EADDDEF3F5F702F1F7F2E6DEDDE760
:1017B000DCE2EEECF1FA03102014130F06F3DBDB8E
:1017C000DEF2030000F0F1F0E3E5DCDEDDDCEBF659
:1017D000020A0D182117130701EACBCCDCEEFFF546
:1017E000FCFBF7FAE5E3CCD3C9DEEAFC03080A1CEC
:1017F0001B181C1209EFC3C6CDEBEAEAF4F4FEF2A3
:10180000D8D7C9C9C4D0E3FA020F0E221C1A171682
:1018100012E7C2CACED9E7EFEFFBFBEEE5D0C0C6B8
:10182000D3D3EA000914141B22251E120FEBCCC4DB
:10183000C1CDD4DEE5EDF6FED8CECED3D1DEE5F6D1
:101840000508111823141E1B11FDD7C7CCC8DAE6F2
:10185000E6EFF301E4D3DBE0D9E3EBF4F7040F1197
:10186000161B1C281E08E4D1BFBDD0D4E2F6F2FE40
:10187000E2E1D1DBD9E7E6FCF6FFFF0E080F1E25FB
:101880002A18F4CFC5C5D2D3E1E2F3F4EFE9E3E5DA
:10189000ECF1E7FBFAF8FE0A18161D2D2912F9DC07
:1018A000D4C7D0D7F1F5FD00F7F0E9F2EDEFF7F48A
:1018B000EFF4F2070113171B201803E9D7D3D5F172
:1018C000F3F4F8FCFCFCF503081013101017151DB9
:1018D00016170F10130D1B14130C0B0D190F0814F2
:1018E000F3FCF8FB00FE05190E0E15121513120B72
:1018F000150F1112120B0D0E19111205F7F6E5F462
:10190000FAF6040E0C10080C0F0008020303050B76
:10191000050210081710140DEFE5EAF2EBEF0004D2
:101920000F14181204F9F1FFF7F803F900FD030290
:101930000B0A0E11EFE5EBF3ECEA010510170C09A9
:10194000FFFEF9F4F8F20203FF07020B0C01140F7B
:10195000F9E5EFF1EEF4F808070D080D0801F0EED7
:10196000FCF4F7FFFBFE0204030C070DF7F0F9E8A7
:10197000F4F1F8FF0B090504FEFBEFF1F7F70100A6
:10198000FB07FD080B11151A00F5F2EFECF6F9FD57
:10199000010F090704F4EFFB0509FC0A020C0C1205
:1019A00006010815ECF1E7E6F3F8F6FAFD0A06077A
:1019B00000F0EEF20401060608080C1006051018E7
:1019C000EFF3E9EEE7F5F1FBF90105FFFFEDE6F9CD
:1019D000FB0B0603FF030A0F09040D0FECECF2F3F7
:1019E000EDE8F5F9FF030503FAE9E6F6F2F7F90980
:1019F00004F9F5F6FD040508F1F2EBECE9E6F2EF87
:101A0000FC0103FF06F8E6F4F1F4EEEEF0F2EAE48E
:101A1000EDF004FCEBECE8E6E9E8EAEEFE0A0A1673
:101A20000B08F2EDF2F8EFE7E7DBE2E4E4F0EE00BA
:101A3000F3E8E2EAE0EAE5F4FF100D180E1000FD0D
:101A4000F4F7F4E1EADDDAD6DFE1F2F7F1EDE9EF00
:101A5000F0F8F3F90308080F0909090704FDF2ED8E
:101A6000EFE0DAD5E0EEEAF9F9FBFC01F9FEFF0060
:101A700011060F0E0E101105020000FBF2EDF0F43E
:101A8000F1FA03FE000511111008040B0A040F10EF
:101A90000B120D09FFFC06000403FCFC09040703FC
:101AA000FD121A1B1F0F100C0008FD070D09090776
:101AB0000B0CFE0004060C0707070908010C142292
:101AC0002017110D0507FF01040912070309050777
:101AD00012130D0B0C0A0F0D08171D14140C100611
:101AE000040AFF000B0E0D080C11140E1412120E36
:101AF0000F0F0A080312191915060C09020709032A
:101B00000B070C120D0A1313151A141019110A06DB
:101B1000FC0D1716060007030611050A020A0C132E
:101B2000171820181511110F10090B0E00FA0504D3
:101B3000FF0106FC0E0B0C0B070711081311111304
:101B4000120A1108020800FF0702F7FFF4F906FD68
:101B500000040306070A0210090D03020209F90531
:101B6000FF02F3F600F6F8FAF5F7FDF2FBFCF6F7E4
:101B7000F5FCF6F901F9F5EFF1F4F9F3F2FBFDF3F9
:101B8000F2F2ECF4F8FAF7F4E4ECF0E2EDEBECEC62
:101B9000E9E1EDDBE4EBE3E6EDF4F0F4F6F6F5E68F
:101BA000ECE4E6DFE4DDDDD1D6E0DBD8DDD7DDD364
:101BB000E0DBDAE4E8EAF7FCFCF1F3E7E0E6E2D99F
:101BC000D3D4D1CBCDC6D0C7D4CFCEDAD5DCDFE4E9
:101BD000DCEEEBEF05F8F6EBE7DFD9D3D8CBD6CDCB
:101BE000CBCCCDD7D1D7CDCFD3D3DCECEFE2F5F74B
:101BF000FDF2E7E7DBD8D1C8C9D5D2D0C8CBD1CD6B
:101C0000CED5D6D3DBD2DADBDFE9F4F803F2E4E2B7
:101C1000E0DBD4CAD2CDC6D4CAD1D3D0D3D7D5D99C
:101C2000DDD5E1EEE7F1EFEFFAEDEBEBDCD6DDD55C
:101C3000D3DCD1E0DEE0DDE5E9EBEFF5EFEDE2EC62
:101C4000F4EBFCF6FFEFE3E9E6DDDBDADEEAE4ECF9
:101C5000E6EFEEFAFBF6FAF7F9F8F6F5FBF703F91B
:101C6000F8EAEDE9ECE7EFE9E2EAEEFF030300FC56
:101C7000FEFE010A0A0801F2F50401FEF7F4F7F38B
:101C8000E7E9EAEBFBF20004040F0A080A02080B7A
:101C90000A0E01FAF5F7F000F600EFF3FBF9F6FF94
:101CA000FAFD0D0C140C140A0A0F060B08090205A4
:101CB000010102F50406FCF50405040405090D0CF8
:101CC00010101817170F0B05050604FCFB04FAF299
:101CD00009FC010AFD0211130A14120F0D1213114F
:101CE000080503031305020C05080005FE0909FC9D
:101CF0000B060E130C160E070A08030D04030F1033
:101D00000E141007080303030D050102080B061249
:101D10000A130B01F8010A0F0D080106150C0F0735
:101D200012131002FF070D06110E130F06FF07FD19
:101D3000F9F60505FE01090F0D100711130A00063B
:101D4000070A0311100709100FF8F8EEF0FB02FA6A
:101D5000F202FE100A0F170D0C030103FB01080924
:101D600005FE0E0002FFFCFE01FC0004FAFF060C5B
:101D700016130A05FDF5FEF4FFF2FE05F9F6F9FF6C
:101D8000050000FFFC0201FBF304030E190708F72E
:101D9000F7F2FCFAF5F7F8F1F2F5FBF5FC020504B1
:101DA00003070002FCFB04050804FBF7F5EAF9FE53
:101DB000EDF4F0ECEAECEDF1FAF200010904FBEECF
:101DC000EFF30A090C03F4F5EEF5F7F8EDEFF2F393
:101DD000E9E8EEEBEEFAF7F7FCFCF1EDF6030604AA
:101DE0000600FEEFEAEEEEF6EBF1F8F2E8F1E9EECE
:101DF000F0FAF402F901F5EEFBFE05050B01FDF426
:101E0000F3F6F0F2F0EEF6F4ECF2FAF4FEF2FFF98B
:101E100001F8FFF5FCF90A000BFD05FCF600F0F1F6
:101E2000EFEFF5ECF2FDF604FF0801010201F8F313
:101E3000FE090404FB06FEFAF2F7EFF0F5F4FBF3FB
:101E4000FCFFFDF802FC0007FB00FDFF0004030996
:101E5000FF07F7FDF4F7FBF9F7F1F4F5FA02FCF7E9
:101E600000FF090703FBFEFC05080407050505FB49
:101E7000F0FAEFF000F7FFFE0106FA07F605FE089C
:101E8000F9FDFEF7040E010B10F7FDF7F3F6EBF684
:101E9000F401F300FB06FC09FD04FEFAFEF803FA68
:101EA0000B0602171004F7F202F8F4F5FDFAFC0332
:101EB000050709100B09070BFB040200010C1009B0
:101EC000070FFF090F0DFD06FAFAFB04FC040409D5
:101ED000070A020608070D1008141B141714140D26
:101EE0000F0C0EFB0400F8F4F8F8F9F0ECF1F4EF45
:101EF000E6F0F3F0EFF601F7FAFAF4F8F2F7F1FE94
:101F000003F8FEFCFFF6F0ECE1EDE5DFE0E0E3ECEA
:101F1000F0EDFEF603F0EFECEDF4F6F8010100FC55
:101F2000FEEFECDFDCE4D7DCE7E4F2F3F40103FCE2
:101F3000FCFAE5EDE4E4FBEE0409F5FCF9F2F2E964
:101F4000E8E4E6E1EDECF6FEFA030200FCF7E9DD79
:101F5000E5DFEEF70101EFFAF9ECF1EAF4EDF4F266
:101F6000FBFE02090A0B0003FEF8F7EAE3EAE9F2D6
:101F7000FFFDF8EEF2000404FCF704FD0E0D0F0D5A
:101F80000C060504FCF9F4E8E4EADFDB060902FAD2
:101F9000FCFC0408FC010E1015141112050D0A03B7
:101FA000FBEFF5DDDCE6EAE1FC0A04F8030A0108D0
:101FB0000A11161C1C1F18120803010601FDF2EA83
:101FC000E0E6E3E60B0001FBFF0D0E130F151524F1
:101FD0001A2213050309080B0D03FFE6E4D9DFE31A
:101FE000080601020A0A1613141417201B1504030D
:101FF00004040410181607FCECDCE4E609F808FAFF
:10200000FF05181717161C10100104FBFFFD0E1416
:102010001C1815FCF9EADBE7FF080006040F14168C
:10202000160D0C02FA02F4F6F6010E0A1515130746
:1020300000E3E4E1F9FD00010906170E0910FF00B5
:10204000F2F9F5F300FA071D1C201B19FBF1DFDF85
:10205000FA01090405110A0D0F02FEF2F6FF0A0843
:10206000FCFB0F1D1D2A201104F5DEEAFD00FF0711
:102070000F080D090C070202FD02090F0702181BC9
:102080001F1F2412FFEBF0F2F9FEF6FDFAFF07091D
:1020900008FFFB060A110D0E0B08191B291D1C0158
:1020A000F1EEE8F4FAF2ECF2F1EDFBFEF804FEFBDF
:1020B00009120A0001FC072226160BF5E7DCF5F5EC
:1020C000F6F4F3E7E7EEEDF5F3FE040203FFFAFFA3
:1020D000FBF8071414FCF6DFD6E0EBF7F1EBF1EABE
:1020E000E0E3E4F4F8F6FDFFFAFCFAF8F9F605028D
:1020F00002EBEDDFD7DEE3F5F2FCF1DDDCEDE5F040
:10210000F2FEF7FBF9F2F4EBEFF6F4F2F4F2DFD9BA
:10211000CED3E0F2F7F6E4ECE4EFF7F9FFF7FEFDDB
:10212000F3F5F6EDEDEAF6FAE8E3E1D2E0DCE3ED13
:10213000EFEEEFE5ECF2F503040500F6F7FAFAF638
:10214000F1F2F6F0EEEBDFE6E8DEEBF7F4ECEAF4C2
:10215000F0F9FE00010202F4F7FDFAF8F8FC01FFC5
:10216000FEF6F5F4F4FBF700F6F7FCF6EFFF04FDDE
:10217000FD01FBFAF3EEF5F5F3FBF4F7FFF8FEFAD9
:10218000F6040A0A05FBF9FDEFF5FDF8FCFCF5F68F
:10219000F0E7EEEBEFF5FCF8FB000409060C0E0788
:1021A0000003FFF8F300F702FAF8FAFCF4F2EDE4AA
:1021B000E9EEF700020606FF0C090A050802F6FE22
:1021C00005010601FEFCF5F0EDECE9F2EAF4FF0D85
:1021D0000F07071210190E01FCFAF8080C0A0CFE82
:1021E000FFFDFBF9FDFAEFFCFE08110C181B0D0CAE
:1021F0001B1514FE0907010407121510141102041F
:102200000E0913140F1C0B14FF070803F6E8FD005A
:10221000FFFC020AFDFF0006FA03FBFDEE051015A8
:1022200017201F09080B070CFBF7F9F2F80400FA56
:10223000F4EDEFEAE6E8DEE5EDF40D09141719090F
:10224000090C0E0A0503FBF6FDF9FFFCE7E9DAD3FA
:10225000D0CED7CBD0E4FA0415191D12120C1607F4
:1022600006FFFCEAF8EEEEEEE8D5DAD8D1D2C7C820
:10227000CAE8FB051B181B191713081000FBE5E340
:10228000FAF2EAF3EDECE9DDD9DBD0D4D5D8EB06F0
:102290001F27231B211F0C06FFF2ECECF801EFF6C1
:1022A000F0EDEEEEEFE5DFD6D5D5ED061D30242CB2
:1022B00020190C1201F2EEEF00FAF903F0EE06FE1F
:1022C00007FAEEDDBFCDDD081F282D201B161302F7
:1022D00000F5ECEC01F2F5FFF1FB10180A05F0D85F
:1022E000C1BDD20829352C1E16170903FDF0F0E9EF
:1022F00009F0E8EFF9050F101006F6E4C3B6CCFDBF
:102300002B392812130B0C0606F1EEE500ECF1F266
:10231000FC0C090A0C10F7EBC5B5CB0D2A301A13CB
:1023200003030702FBF2E4D0F6EFE8EEFFFB050340
:10233000FBF8F6D8B9B0CA0E2D270DFD08FD01F542
:10234000E2D3CDBFF6F2E4E0E6EEEDE4EDDFD4C497
:10235000ACAED617281F0600F6FEF9EBE0CBC5CCD5
:10236000F9E5D7D3D8DDD1D2D7D2C3C4B7C8F01BD3
:10237000211C06FE01F1EFE9D8D0C8D6F6E2E0CF85
:10238000CACACCD1CFD3CDC7CAE3071C2313FEFDE5
:10239000FAF0E9EAE7E8EAF7F8F3E2D4DBE4DBE0B5
:1023A000E9E7E7E8EEF7030F0E0503F9F0FAEDFBB6
:1023B000FA04FA06F8F5F4E4F2F4FA00F706FBF88A
:1023C000FA020C160B0D0AFC00FA060A070F05129A
:1023D000F8F0EFFCFC090C090D0B110D09000C0CB9
:1023E0001114110A0C090A061E191C140CF9F7FC29
:1023F0000B0615150D120D0906040A16120E070C10
:102400000A14121421241D1E0F040105130D080FB8
:102410000C120B08000603120F1713101417161BCB
:102420001B23252008FF050213100E100C0C1706A5
:1024300000010007121711151A1C1A2B2410201C5A
:10244000120304020E0409140B0F0C0105FF0A10FD
:10245000070D0F1C1E201E241F1E2623130809070C
:10246000000919141511110E0902050D0A0A0D11A2
:10247000271E1D21221822170C08070407110B1113
:102480000F0F0D06090606071104101E161E19125D
:102490001A19140C030A010A010204070F0D0D0793
:1024A0000D04100B0A10060E1511160D0B0C0EFF65
:1024B000FBFCFEFE090C090E13100B0A09080D02A5
:1024C0000D11100E0F0A07120A0AFF030BFA0FFC78
:1024D000FE040D080D070C0A040D0F06FF05080A7F
:1024E000FD010DF7FCFE02FB02090E07FEFE0302D2
:1024F00004090B000AFFFFFDFAF8F8F707FFFFFCDD
:10250000F1F5F5FDFEFD02FD0710171B19141F1F45
:102510001621221E12180C0902FC000608FE02F801
:1025200006030A0308101814170F15120D080709DF
:10253000030302FB0705F80902FD000607150E104C
:10254000110F13221B17120C10000A00F4F5FA04E5
:1025500005FE00FBFC08FF0013211E1C171D1F19A0
:10256000131A11080907FBF2FEFAF9FFFDFEF8F154
:10257000FEF3F706181B11151C1A120D1A1A10116A
:102580000B08FA01F3F2FEFAFEF5FAF2FB00FA008C
:102590000A151A120D130F16161C16080709FFFE4E
:1025A00000FBF4FAFDF4F7FB00FDF5EE131F211319
:1025B00007120F1D14121B1C0C0C0004F9F6FCF67C
:1025C00000FAF8FCF5FAF5F9192015100C050D11B3
:1025D000141823171D1113FCFEF5F3FB000303F57C
:1025E000F6EEF5FC160F13170D0804011014201A4F
:1025F0001718140DF7FAFC0002FAF6F9F5F6E8F5EB
:102600000D0B0709FEFDF9FAF5FB060A1012080585
:10261000FBFBF4F7F2F8F1F3EEEDE6EF04FAEBF082
:10262000F3F3E1E0DDE9E7DFE4F0FBF8EAF5EAF4F3
:10263000E5E7ECEDEFE9E6F2FFE8E0E6DDE0D6CF36
:10264000C9C1C6CDDEEEEFF6EEEDF2EFE8EFE2E95E
:10265000E6E3EBECECE9CFCCCDCDC7BDB6BEC6D240
:10266000EBF408060306FBFCF9F4F9F4F3F9F8F4CB
:10267000EADCC8C6C9C7C2BEBCCDDEF2FE17231A4B
:10268000170E050C0CFFFD0D03FE00FEDFD6CED4A9
:10269000D9CEC1C8E1ED020A2C352F2B15140B0C35
:1026A0000C0809090A0D1809E6E4DDD9D4E0E5EAC9
:1026B000FB051F2E35312E22100B080B0A110F0FB0
:1026C0001715170EE9E7EBE3DFE2F2011018352FDB
:1026D0002827231A1108061106070C17110B0D18CD
:1026E000EEEEF5E5F2F6F6081A2E2B27241B0F095D
:1026F000F900FD07080C070612090F12FCECEEF9B1
:10270000ED010B1F282C251E0A0BF9FBFCF8020318
:10271000090BFE090D100D06FE00F6FAF70B131952
:1027200021131B0104F8F5EDF5F6FF08040B090D64
:10273000090201FC1509FA07060C080E110AFE042D
:10274000FAF9FAEEF5F70600050303FCFCF8EDF3E1
:102750000F0412070E0E161101FEFEF1F6F5F5F04C
:10276000F0FDF4FBFCFCEBF9ECE7F1F9000E091EBF
:1027700015140B0603F8F3FBF5FFFEF6F5E9F6EF8B
:10278000EAEAE2EFE4E7EBEF0B12130E0D070507A1
:10279000F3F5F1F7F7F4FDEDF1E4E7EFEDE5D9E658
:1027A000E4DEEDE41C151817080C01FBEEEBF4F663
:1027B000F7F4FEF2F1E4DDE8EADEE2E2DDE6F1EA7A
:1027C00012181513040CFAF0EDE6EAF7F6F2F8F138
:1027D000E2E3E5E2E1DEE3ECEAEBF2FBFDFD070517
:1027E000FFFCF6ECEEEEE6E7EBEEEAE3E4E2E8E629
:1027F000E3E8E4ECF2E8F4F0FF02FC0600FFECEDA5
:10280000EFEEEFE9F1EDE8EAE8E7EAEEEEE4ECEF0F
:10281000F4FFFBFFFEF7F7F6EDF70303FC0908FDF5
:102820000904F800F3EEF1E5E8EDF5F5F5F2FDFC4D
:10283000FE060100FDFE070918120B01000DFCFA4F
:10284000EFEDECE9DEDFEAF5F4EBFE00090103FF52
:1028500007070A040B0C0D100F050FFF03E7DBE65B
:10286000EADEECF8EAF3EDF209130C070B11040AA7
:102870000604030A030506F7F7F6F4E9E9E4E6E8D7
:10288000EAEDE8F302080BFCFF07FF00FEF5F3FF9B
:1028900000FFFEFF00FBE8F2F0F1EAECE8EFF4F6EF
:1028A000060D0503FEF6FEF7F1F1EEFBF9FF05005C
:1028B000FAF9F4F2F2F4F8ECF4F3E8F1181307F98A
:1028C000FDFCF4F5F1F1F7EE030302070102F9F75D
:1028D000F2FCF2EFEBE6EAF20D1701FCFBF5F6EF86
:1028E000EFF0EFFAF8080B0CFF05F9FEFD0605F90D
:1028F000F0FBE9EC0F0F0403F7FBF6F0F7F9F7FD37
:10290000FF13100B0C0605050D060A0501FEF8EB7A
:10291000071100FAF2F2FBFFFBF8FA010106110DB4
:10292000060202030C0E12150602ECF30A0E070053
:10293000FBFBF9FCFBFFFB07FBFC05FC04070804A1
:102940001112111E1105F2EA120503FEF804F5FD3D
:10295000F7FAF3F5FCFFF6FEF7010A08121D111055
:1029600012FCEEDD0F010404FAFCFEF7FB0500F893
:10297000E1EFF1FC030F15181814191408FDE9D83C
:102980000EFE0EFEFAFDF0F1F901FCFBD6DCF3FBC6
:102990000C161F1B16141D1007FFE9E90A00FBFAAD
:1029A000FBF3FEF9FB0007EDD9D4E7081926211740
:1029B0001614150B09FDF8E509FA00F8FA00F5F907
:1029C000FFF7FCDDBFCEFA1429281710100D0C15E7
:1029D00012FD02EE08F6FDFAF8FBFFF6F9EED8CE8E
:1029E000BEDC08192C1B221106FF08140C02FEF78E
:1029F000FDFDF8F2FF03FEEDF2DAD4B8BDEA121FD6
:102A0000191813090BFF0B0C06FAFDED06FFF4FC79
:102A1000FB00FAF0E2D7C6BDD5FC161C21140A094A
:102A200005FCFC0C060207FAFDF3F5F1F0F7F2E401
:102A3000DACAC8C9E50F1A1D110D0FFFF9F3010815
:102A4000040601F901F5F5ECEBDFD9D4D0C5D0E3EC
:102A5000FD0E1816110B0003F1F402F8FEFDF1FB58
:102A6000F2EFEEE2D7D9D5C6CCCCDDFD1119150BAE
:102A70000A1005FBF7F6EFF8FBF1EEF6FAEDE5E2EA
:102A8000CED3D1D0D2EAF4100E13140F0B0FFEFEEA
:102A9000EEE5E2E4EBE9FCF1F3ECE8DAD2D6CDDDE9
:102AA000E1FD100D18100C100E0F01FCEBE7DDDE40
:102AB000DFE8EDFAEBEDE0DCDEE1D8E3F4080A1044
:102AC000150F14161D0E03F4ECDAD1D9D9E4E9F987
:102AD000F0EBE2DEDEE0EEFF000D061111090C0C5A
:102AE000121601FAE0CBD9D3E0E5E9F7F4EDF2ED07
:102AF000F9F5F60404040A151317111C180906F950
:102B0000DFD6D0DDDCE4EAEE06FCFAFA010D0E09B0
:102B1000090F141A1823211D171810FEEBE3D8E42F
:102B2000ECFAF6F4020B0702F600040207060C0D9D
:102B30001C1613180C0AF902F2F9F3EEE7EBFFF496
:102B40000307FF0103FDFD04080F0F19191F1D1CCA
:102B500016181308050805F9EEFFFBFA0D0000072B
:102B6000040B0C02150B111B293830282A251E11C5
:102B70000B0E0F0B0309F0ED02070F19080D0F0DD7
:102B800014161E2426394135362A281E1A0B130E18
:102B90000A02F8EAFD071A0B04141110160E191A8E
:102BA0002A40424948392B2A1B11160E0C0BF4F30C
:102BB000F4090FFA0113180E181A191E2C43495163
:102BC0004E3D3D272D210F15080504F5FA08F4F7B1
:102BD000F5F801140C050D132237474A584B4931BB
:102BE0002B1A1A1A170CFAECF9F7EBE3E5ED01F5DD
:102BF000FAF4E7EB07113A4C5449443E36241911D4
:102C00001113FF07EDF1E3E2DBDDDFE3D3CBC2C35A
:102C1000D5F6142641484040453028141F0F11FBBB
:102C2000E9E0E0CBC3D2C7D3CBBDBCB4C2CEDDFBA1
:102C30001A343440423530311F100BFCE9D8D6CE5F
:102C4000C5C4D0CECDCECBC9BCBDCBDDFC191E33A7
:102C5000383A2F2D1D1A0BF2F1E3D9D1CDDAE4E683
:102C6000E9DDE1E2D5CDD3CCEA090F1B25312A27D6
:102C70001E1504FEF4EFE3D5D9E7F6FD03FC0504C9
:102C8000F6DFDED5F2FA050713181E281F07060A1D
:102C9000FAFBF1F8FC0001060A120B11FFF9EAE257
:102CA000F80209050D0D161513090B0C0E0FFF0880
:102CB000060108070F0A17110F00EDF0F8030A0CC0
:102CC000110B0F0B0B040C0709110D080D100E074B
:102CD000031209130401EBF3FF05080401FC0204CD
:102CE00006050A0F1D0C0B09070505080809070E44
:102CF00001FFEFF4F80105FEFCFD01FD0004030AED
:102D0000201C0B070A04040106090500FFF6EDF07C
:102D1000FCF8F900FAF9FDFAF9FFF90918120B01AC
:102D20000800FF0401060106F9F0EAF3EEF9FAFAE9
:102D3000F1F9F4FBF701FD0C220A050D0A05050D5A
:102D40000106FDFDF5F4E6EFF3EBF5F1FBFFF2FD17
:102D5000F9F60004140C030408070E06021105021C
:102D6000FBEAEAF4F7F7F7FAFFFEFAFD02FA000CC5
:102D7000160C09071006080D0708040900FCF7E9FE
:102D8000F2F6F4FCFC00F7FEFD0301FB0917130A41
:102D90000301160B100606FE0002F6F6FCF8F4FE20
:102DA000F7F9FBF3FCFC03FD1214080C0E01030AF7
:102DB00000FF04FF02FEFAFFF5040400F2F5FDF443
:102DC000FAFAF8FA11FF100EF4FCFE0405F7FCFD08
:102DD000F7F9FDFFF6F6FFF6F3FFFFFF030CFE0524
:102DE0001108FBFC020101070407FDFAF7FDF6F4E8
:102DF000FDF202F6F0FCF3FB060702FF1E0E0001D7
:102E0000FEF7FBFFFF02050708FDFCFEFDF6FEF3E3
:102E1000EEEDF1F5FA01FD0006040A0900FB0A00D7
:102E20000D0605F902FBFEFBF5FFFDEEF0E7F5F2FE
:102E300000020B02FD0C01FEFF05FDFA0700161D46
:102E40001F241A201F0E0A0A0C0707030D0B09FF87
:102E5000FB01F4FCF4F2F4EFF7FD151A1E1D100946
:102E60001411040B0F070804FF020D0103FCFAF014
:102E7000ECF5F3F7F5001223191A10100A000B0BEA
:102E80000104FE0408F9FB06F3F6F4EBF4E6ECECBF
:102E90000214151F251C0E0E060E0C02030D080D44
:102EA0000604FFFCF8F3EFF1EEF1E8FF10152B2C10
:102EB0002A1913190E160E140A0A04FDFAF9F4FD64
:102EC000F7ECF2F1EDEEEF001D2A2F372C2A241B30
:102ED0001913060807FDF6F1F1F3F4F5E5EEE8F352
:102EE000F6FDF913223430343A3C29170B04F9EB80
:102EF000EEE5EBECDEEAE7F0EEE8E8FB01F80B11BB
:102F00002432393F40392206E2CFD0D2CED9D1D5B2
:102F1000CDCAE0E0E3F0EFFD0004091930353A32A4
:102F20003B290ED7C2C2B3C8C9C7CDD2CDD4DFE4C6
:102F3000ECE9FDFAFB06121B253132322B13D2BA13
:102F4000BFBCBACCCAD5CCE0DBDCDAE4F2F20D02CD
:102F50000118151B2524222216F1C4C3DEDADFDB9B
:102F6000E3DCEFE6E8E9ECDDFAFA06100C1D2426B6
:102F7000201B151304D7C6DAEBF2F1F2F5F802FBC9
:102F800009FFFDF0F6FBFF17131C161515090A09BA
:102F9000FEDDCFF0FA06020C101D170F0E170B0FF7
:102FA000F40700141919140C0AFA0609FAE3DDFAF9
:102FB000070109141A1714110F0F130E0504FE0C44
:102FC0000E0E08F4F5F9F9FBFCDEE2F5F8030E0F3E
:102FD0000E130A0B09100A13FA01050A04F6FEF58E
:102FE000EAF2F6F6EEE7E5F90208100B07100D021B
:102FF000000E0A15FD0102FFFEF4F3F5FDF0F5FAEF
:10300000F0F0F007020511070C0606F7FA04FC07BA
:1030100002FBFDFBF5F7F500FAFB02030B110408B8
:103020000C070F0A06FCF9FAFE0308FFF1F9020388
:10303000F6F8F9FC01020C0E1810120D14140F0C06
:1030400004FFF2FEF2FF0906FAFBFCFBF4010100AB
:10305000040B0815121610090A100A0200F5F6F3FF
:10306000F301050DEFF9F5FAF6FEFFFE0801031076
:1030700007100E050B040B09F9F3EBEFECF0070456
:10308000ECFFFEF7FBFBF1FC0302FB010304080D60
:1030900009080BFDFFEFE5E6F2F4FA0AF3F6EDEDB1
:1030A000EFEBF8F9FCF4FC05FD010106FAFDF4F87C
:1030B000F1E0DDCFD9E2EEFFFBF9FCEDE6F6F0F250
:1030C000ECF1F9F7FCFFF6FCFAFCFBFBDFDBD1CC03
:1030D000D6E2EBF2F6FD04F4F2E8FBEFEAF0F1ECF5
:1030E000EDF1FCF9F9F2EEE4DDCCD1CAE0EDFAFD48
:1030F000FA01FFF2ECE4E8F5EBEEE9E2E3EEEBEEE9
:10310000F0EDDED8D3D2D5D7DBE4FAF503FBF3F448
:10311000EBEFEAEFF6E9E8E4E5E0E7E5DDDDD8D658
:10312000CCCED5E1E9EEFCFC06FFF7FAF6F2F1EEC3
:10313000F0F5EEE6E0E1D7DEE2D8E2E4E4D4D4E66E
:10314000E3F7F9FA04FB0008060C0D1F231F241BEC
:103150001D1C2115161D0D06FCFE0A0700020B0B97
:10316000FEFCFE09080F1018140D161A1B1A0D0C80
:1031700011081302070705060601FF02F8FAF4FC1E
:10318000F8F7000605080D1105100E0E0109010CD7
:103190000905FD0202FBFEFAFFF7F1EDF1F2F4F989
:1031A000FAF705FD020F0D0A000C0001FCFC01FFFF
:1031B000F9020202F6FAEFE8E1EAE8E8F4FA0006BA
:1031C000020A0508090300FDF1F3F7FEF2F9F8F928
:1031D000F5F0EDEEE8E5E4E7E8F8F40604080B0E98
:1031E0000D0502FFF3FAFDFBF5FBF9F2F8F5ECEB48
:1031F000E4DEEAEAE9F1FD0609071008060002002C
:10320000F1EDEEEFEEFE01FFF7E8E2E6E7EADFE5DB
:10321000F3ECFCFB0900020701FFFDF5ECF3F4F30E
:10322000F1EBEDF3ECEEE5E4DCE3EBEBEEF7FD03C5
:103230000100050404FDFBF4F3F2FCF3F5E6E8FD00
:10324000E6E8E1DEE7E8F0F4FA0206F90107040334
:10325000FD05F401F1FDFD01E8F1E9F4EEE2EBED2D
:10326000E6E7EBF50004FBFD0501060602F6FCF6B9
:10327000F9F8F7FCF5EFE5EBECE8EFEAE5F3F70238
:10328000F9FEFF040808F7F8F5FDF5EFFAFBF5F68F
:10329000F8EEEFE7EEEDEAEEF1F4FFF6F4F7FCF30B
:1032A000F7FEF8EFF9EFF6F0F5F5F8F6EBE7F0E6F4
:1032B000F0F3F4EBF1FCF6F4FDF8F7F9FDFFF6F6A8
:1032C00003FFF6F0EEF7F4F0F4EDEBEDF0FDFBF3B9
:1032D000FDFAF5F4FDF4F9F30507FCFF0105F8EE3E
:1032E000F4F0EFF3F5F0F4F7F702FD02040300FC4D
:1032F000FBEEFBF5020609020A02FAF5F2EDF9ED22
:10330000F7EFF5FE010A0B0809050102FAFAF6FBD0
:1033100002040506060201F8FAF7F3F9FBF6F204D7
:103320000C0C0B0A120C05FAF8FCF6F7F606100660
:103330000A0409F8F6FF0205F9F3F1000D110B1666
:103340000C0504060402FFF7FBF808110F1204062F
:1033500006FEF802020704FD07070F1113080A0B07
:1033600004060B0000050A0D1511140E0A080B09BE
:103370000F02060E0A150D1B19160E13120B100262
:10338000060B0A18101A14111C19121714100C1419
:103390000D0B0A1014141518111409101313111918
:1033A00018211A1B1B211B12130A1B1208090008E3
:1033B000000F0D11150F100A0E090C191917191D00
:1033C000181711110D18111A03FD0A040A07130F1B
:1033D00007110A07050F08060E0E15171B1F181AEE
:1033E0000F1A1E1C01FD040CFD0204010A00FE025E
:1033F0000506FEFC0607040A15140F0F1B0F20110B
:10340000FFFF0304F5FEFBFDF0F3F2FCF9F1FEF41F
:10341000F5FBFF01FF0A0A0F0E141A13FFF9FFF262
:10342000F7F6F3F7F4F9EDEBF0EEF0F1FEFE07003E
:10343000FE0112191412101002F9FCF5EDEBF1F176
:10344000F8F3F1EFEEF8F8F9FBF3FEFEFD01F602FA
:10345000050A0501FC0300FD0B000507FB05FF0243
:10346000F4F7F8FFFDFFFCFFFFFCFCFB070D0A1063
:103470000AFD07FF01FEF8FCF2EFF5F7F7FDF9FD95
:1034800002F4030404F7F4FA080311FFFDF5F4F461
:10349000FEF0F8FFEEF0F3EFFAF8FBFC05030F0B7C
:1034A00003FCF2FB0402050BEEF2F2FFFCF0F2F477
:1034B000FBF8EDFAFB0306030C0C0E0304F702FC09
:1034C000F001FE04F5EFE9F7EFF4FFFBFD03FF0960
:1034D0000E160E19190A070708FA01EEF3FCF90394
:1034E000FEEEF9F4F7FA020007FE0B0B1417201C8E
:1034F00016180C0601F6FFFDF303F905ECEBEFF9E6
:10350000FD09070C071714191C1B241D1A19110D8E
:10351000F8F7FCFAF6FBFE00F2E4F8F702020F14EB
:10352000171C1D21211D1A1B140C0E0405FB05F28E
:10353000F500FFF9E7E5F8FF0C0D0D1C2222131D25
:10354000110E0A0F0D120B0500FEFDF6F2FAFE0633
:10355000F1EEF206051318282022140A05FFF406DE
:103560000D0A0903FFFEFFF9FF070608E6EFF50D58
:10357000040E1E1C201C0C00EBEBF6000810FE03D2
:10358000FFFEFEFCF903030EE2F5FD040A1F181806
:10359000190F01FBEBEBF5F608FFF4F100FC010855
:1035A000070F1119DEFCFD0A141211181D1808E886
:1035B000ECEAF307F8EBECF3FCFAFB05010C09105D
:1035C000EEFB010B190E13141D1704F6F0F8020997
:1035D00002F0F0F3FDFA01080B0C1B15EFFDFC08DF
:1035E0000E171B18151B0D06020B121305FEF40116
:1035F000F7FE01F70D090E11FBF305FF0B0A151479
:10360000130F111214131A1B09FFFBFCFC03FCF52A
:10361000F008FF00F5F5FAFF0603030D0C11152164
:10362000161C181B0908FC030A0702F9F5FBFBFC32
:10363000F0F4F704FBFC020A091B1E141813170F01
:103640000A07070AFE0506FDF1F9F502F6F1F3F4A3
:10365000F0F7FD0E091A12101517100D09020607D2
:1036600002050506FBF6EF00EFF0F1F2F3FFFB0AAF
:103670000E151217191A1812090B0A0308020BFD6E
:10368000040003FBE5F3FBFEFF040C0D14131615F9
:103690001B1716150E0A050F05FF0A0B090AFA0378
:1036A000EEFF05FCFA0610110D14131A0C1A1C1A61
:1036B0001A0B080C0D0803000C020005FAFB02FDB2
:1036C000FF06070B0C13170B170E120F120B0F022E
:1036D00000070F0E07FD0A10EEFB0003040D10118A
:1036E00010180F16161308120F0F0401FF0A0D050C
:1036F0000F131A13FCFBF9FD0004FF090109070869
:103700000D0A0C0E0804060206010809100C0F1C15
:10371000F7F8F6FE03FEFE00FDFEFA030403FEFDCD
:1037200009FE04FCF20203FB08081106EFF4EBF5B6
:10373000FA00F8FCFFF503F7F7F3FC03F505FBF6D9
:10374000EFF7F50003FBFD07F7EFEBEEF1F5F8F50A
:10375000F1E9EEF0E8EDF2EDEBF1EEE4F1E9F1FF85
:103760000703F90808F6FAFDF3F9E6E6DCE4DCD62F
:10377000E2EAE0E5EDEAEDEAFCF300F1E8EDFAFC5F
:103780000105FBF3EEE7EFEFE3E7E2E5ECF1F3F53C
:10379000EFEBF1ECFCEEF6FAF9F5FAFB070601FCAB
:1037A000F1F6F8EFEFF2F1E4F5F6FEFA040304FBAC
:1037B000FDFFF3F7F0F3FC000E0009F8FA0600FE37
:1037C000FFF1FCFEF1F60008FF0F0406FFFEF9FF13
:1037D000FF04FDFE0806FEFC04FB02080102FB03D9
:1037E0000303040C0201060E051108020004F8048C
:1037F000F9F5090203080B0906FF04080606FA0694
:103800000B02080113110503030203F90608020B5A
:103810000B070D0A060F120D030F050001FCFD0436
:10382000000B0000FEF504000AFE01000809050C6B
:103830001010171A0E0002020100FA000305060A12
:10384000090900F400FB05FE080709151B1A140BF3
:1038500004060301F2F8090AFD0C0A05070001013C
:10386000FB04FD0D090616131A150E12FB07FCF9D1
:10387000F6FF0B0A0E0B120F0EFD030BFFFBFA09EE
:103880000A0C040C110409FFFDF3F8F6FD051017EE
:10389000171117130C0F0903F30303030508FE05A3
:1038A000080706F9F6F0F9EDF40C0F0F160F140CDB
:1038B0000802FFF2F0F8FA08030DFF04070B0300FB
:1038C000F5EEF1FEF907191D1A1B0A0B0C0AFAF0A6
:1038D000EDF50408030004040B060C04FB010705C6
:1038E00006081C191C161410010709F4F6F0FCFB5D
:1038F0000501070B13130E120C110B190C131418DE
:10390000231B150600FD05FCFDFD00F7F6F70A0474
:10391000170810131A1C191E191B25261C0C07F555
:10392000040202FDFBF8ECF4F8FBFB0101040E12AB
:103930000E1A0F0B0E1A2117170E01F9F3F3FEF9E9
:10394000F5EBE8EDEDF4F2F701061210150A0F069B
:103950000D0D1C1105FBFEF5F2EEF4FAF1F5F5F193
:10396000EAECE9F40000060B0A0C0E0605100E0C3A
:10397000000A0001EEEFF901E9F9EBEFEDF4EAF4EA
:10398000F4080808090F0A0E0B111712080008F8AE
:10399000F9EFF9F8EEF2F4E9EBF4F2FCFAF5F80CD1
:1039A000100510040C1419150A0C01FAFFF4F3F3B6
:1039B000F1F0F5E9EDF4F0FEFF010402FF05131349
:1039C0000C14130E0C06FBF9FFF2030EF7F4F6F2DB
:1039D000F6FEF6F6F0FCFCFBFE0A01040D0E0F1DD0
:1039E0000E080503FD00100CF6EBEEFBF2FFFEF7F0
:1039F000F5F9F2F1F3FEF6FD041317132014121378
:103A00000E011211FDF8F4F3FBF4FDF5EFEDEEF10C
:103A1000EBF0EBF70C121411191819181406111009
:103A2000F8FE03F7FFF3F2F6F0E9EAEAE8EAF2F665
:103A3000FF0B1917100D1A15131110FFF200FC00DF
:103A400003F9F6ECEEEFF0E0E5EBE9F4F408140E20
:103A50001A16161A1A1C11FFF3F7F1F5FFFAF9F608
:103A6000EFE2E2EDE5EAEBF7FB0E0E1011131B217E
:103A700023110100FD00FE010E050AFE05070607E1
:103A800000FC0801FF0D08FAFE0508FEEEF8FDF740
:103A90000112150700FDFB0B0907FEFF0908020EC6
:103AA0000F0F11040B05000701F6FEFBF9170AF9C9
:103AB00002FA0106070B110E041312070F0C141360
:103AC0000E0807020B0A0E05010A0904FC08090684
:103AD00007070D080E080F010A0C0C120E080D0C3A
:103AE0000E000006F7050601F3020909FEF90A00B7
:103AF000FF0B04020A0904110708070C0105020064
:103B0000F8FD01F400F7F4030003FEFA0202FAFAEA
:103B100002FC0000030B060002F7FDFF0102EEF5B8
:103B2000FFFDF4F3FA04F3FB00FEF6F90201FFFCDB
:103B30000501F8FFFCFB09FA0302FBF2FCF8F8FAB6
:103B4000FEF8FBFC0203F9FAFCF7FB05FC00F7F9B1
:103B5000FAFD00FFF8F5FAF9F3F9FFFCFDFB0100AF
:103B60000702F9F0FBF50309FCFB010203FFF3FB7D
:103B7000EAF1FDF4FCF70202F7F9FCF9FE01FFF2AD
:103B8000F4FE0B150B0E06020C03F808FAFAEEFE13
:103B9000FDF703FF0405FDFE01F9FBFEFF03130C17
:103BA000130C090E03FF0802F3F3FCF50205030FE3
:103BB0000E070806FD05F7F4FD0D0D0A110D0B1398
:103BC0000DFC02FDF4FAF2FE050A191B1514171676
:103BD00017070D0B0917150F07090B07FBFE00123E
:103BE000ECF8F60316111B1D2426262726231D1D7F
:103BF0001C211E0F08080304000C1012FF040511FD
:103C000015121E26292A2626322C2F2A2B1C1E1678
:103C10001109050512151A1F080A03080D171419B2
:103C20001F22242E2F34382C262625170D0E0C1972
:103C3000181523210607FFFD040C1011141C161E75
:103C4000222625282C29211C0E16181E101C171F91
:103C5000FBFAFA070208FE0207050103FF111E1B0B
:103C60002122172213171F281C1A1B1B01F302FB0A
:103C700007F5F6F8F1F6E3E9E4F6051715161E1A4E
:103C800017222325171A0F0FF9F6F1F4FAF9F1FAB2
:103C9000EAE2D6CACCD7F0FF010F1817181B1C1187
:103CA0001E0E0D05F9F0F6F9F1EFF0F5ECECDAD0B7
:103CB000D4D4E0EEFBFEFE0509090D0B0A0A090E3D
:103CC000F4E0D8E3ECE6E5EDE7E6DEDBD0D8D5D9E5
:103CD000EBE3E9EBF3F6EBF0EEEFF3FEF1E3DDE51A
:103CE000E2DEE2E0DFE3D8D2CDD0C9D5CECDCDCB78
:103CF000CED1DADCDCE9E7F3E8E5DAD4DFD9DEDFE0
:103D0000DED8CFCAC5BBBFC2C7BEB6BAC6C0C6CF53
:103D1000E0EBE7E2E0D5DCE3E8E8D6DDD8CDC8CDDE
:103D2000C1BEC6BFC4C0B9BABEBFCED6D0DAE6EAFD
:103D3000E2EDE3E5E9DEDED5D5D7D1D7CCCDD2D4DF
:103D4000CFCAC1C9C7C9D0D6D8EBE7EBF4E6DDE0EE
:103D5000E6DEE1E3DFDFDDDADBDAD7D1DAD8D3CDB7
:103D6000D2DBD6D7EFF2F0F8E9F6E2E5E7E6E4DEFB
:103D7000E0E4DADAE0D8DCDFDADACED5DADCD4EE89
:103D8000EDF2EF04040E1810151B1D1E1D292B2328
:103D900027151B1D1D1F0F0B0804FAEEEFF8FCF989
:103DA0000203151D151E1B1A291F1815191A19179C
:103DB0001214181100FEF6FDFDF4F9FEFE081119AB
:103DC000211A1C1015070A0A0F12171215100F06D8
:103DD0000906F904FC01F5F109161E190B16191351
:103DE00008040C05110E1810150C0703FCFEFAF858
:103DF000F6F5FEF4060F1C200C11110F0F06FDFF47
:103E0000131912160D08FCFDF3F5EFF103F9F6EDA9
:103E10000A1A1F1112140C0700FC050B060D1A1BC1
:103E20000C0C0801F9F5000103F9F8F014231A0C41
:103E30001314090707FA020A0815111910030901DA
:103E400003FAFE0203FEF2F60B0411090A090BFD48
:103E5000FFF704090E131A1A0DFFFAFE0401F70604
:103E600007F9FDF1060402FA05F6F3FAF1F3FAF8A0
:103E70000E1012110705F9F7FB03F9FCFE04F6ED2D
:103E8000080AFDF1F0EBEEDFE4E3E9F8FD0E1507BB
:103E9000FDF90100FDFDFBF60305F8F302F5E9E786
:103EA000E7D7E3E4DEE5E1EDF90E0500F7FDF6F412
:103EB0000100F7F4F9FFFFE804E9EAE2DBDCE6E6FB
:103EC000F1EFF0FDFF040103FBFCF1F8F4F0F9F56C
:103ED000F600F7F2FBECE3DCD8E2F0F5FDFB0502BF
:103EE0000D0804F3F7F2F5FBFAF4EDF8080202FA14
:103EF000FDF4F2F1EFFDF906000A0B111511FC01BA
:103F0000F8FBF9EEEFFA01030F09150D030702F4B0
:103F1000F700000B0D12171F1E05FAFDFAFDF0FD4C
:103F2000FAFB0D1211131E160CFF010E070E0909E4
:103F30001D1A1F19130AFCF9F8FCF101FF081311EF
:103F400008101D1A110D0F0B0E161115131A16104D
:103F500003FAF101F803FC0711120E0D08171A14E9
:103F6000100B11100D13141B1E160E0E020303F777
:103F7000FBFF06FF060504070D110C1217131312A1
:103F80000C12191017070A0D0D0B07050605040C76
:103F900000FFF9FC0503FF070D0B051213070711BE
:103FA0000A0C0A0B0E0F0911000B020A0800FCFB99
:103FB00000FCF6F9060C080F0E08FF05020C0409B8
:103FC00015180B080D06FF04F8FAF1FAF0F4EDF9F4
:103FD00010060D0D05FF060301FE060109120C0A6D
:103FE000080E00FDF9F8EBEFF4EEE9EE0C0B0DFA1C
:103FF000FDFBFC0507FD08020A0A1310040800F681
:10400000F3E6EDE7F1E2E3E50B02050103FFF70458
:10401000FEFB0308050C0E1105FEF6EBE2E2DDE007
:10402000E9E0E1D9080309FEF8F9FAFAF80201011A
:10403000020A00FAFCECE9E7E6DCDDD5D7DDE4EBCB
:10404000FEFDF6F7F7FEECEFF9EFF5F8F0F1EFEA29
:10405000DFE3DCD3D7E1DDD2DEE3EBEAFE0508FBEC
:10406000F6F1E6E4EADADBD9D3D7CCCFDBCFCCD894
:10407000D3D3D6D0E6EBEBF4FD04FDFEF3EBE8E2A0
:10408000D6D6CABFCAC2C6C9CEC5C8CFD6D6E0DF4B
:10409000DCE7F7F201F804FEE9E5DEDFDCD2D4D29A
:1040A000D2DADDD3D7D4DDE5DFE9F3F3F5FBF7F6BC
:1040B0000201F7F7E7E6D5D7D3D8C6CDCECECCD31D
:1040C000D7DAE1EBEBE9F8EDE7F7F7EC0C02F5FAFC
:1040D000DAE5D6D8D2CDC6BDBDCBD1D7D5D9EAF099
:1040E000F1F9F0F2EEF4EFF2060FFDF9ECEDEFE688
:1040F000DFDAD6E0D1DCD3D8E5EDE6EDFBF9F2F975
:10410000F6F6FEFE0B010603F7FD06FB00FCF4F8D5
:10411000F4FAF0FDF4FAF601000908FA020702F6D3
:1041200006080A0E06171E1C100C110F0A0F110AA2
:104130000809080A060504FAFD0801070C131914FA
:104140001B18151D1720241D2429201E221D1B0F9E
:104150000D0C070508040402101C110D1B221A2265
:104160002A242D373537392E2320191B100E0C0227
:104170000203FDF8140F111C18171C2B332E373EA9
:1041800040473E3D3728231C1A0D1000000F07FF43
:10419000130508100D091B171E2C2D333C3C2E3126
:1041A00027222121111A070D0206050308FDFA0135
:1041B000FCFD04000F000504FDFEFEFA0600121BC4
:1041C0000F1102010004F904FD00E7EAE8EBF1F643
:1041D000F1E3E0D3DAD6D9DAD8EA02011111050BFE
:1041E000FEFD030B07FBEDE6E3E6DBDAE0CCCFCA2E
:1041F000CDD1CBD4D2E5FCFF01090A0A0801FF09A1
:10420000F8F2F4E5E1E6DBE1D3D3CECDD6DFDCD8BE
:10421000D5E8F2FB0A0303000AFF0405FD00F3E002
:10422000DCE2DBE4DADDE7E7EBEAEAE6E5EAF6FF23
:10423000080D0B0805F9FCFEFE01EEEAE4E4E9E8EE
:10424000F2EFF5FC00FDFF01F9EFF9FC060A0804A6
:10425000FAF8F802FBFFF5F3ECF5F5FBF3050E0DAC
:10426000100A0806FDFDF4FC0304FEF5F5FBFB094E
:10427000FD03F6FA00FAFAFB080D07140E0C04070A
:10428000FFF3FC03FAFCF1F3F7F0FC04F809040077
:10429000FB04070704040CFF1003FDFDFAF5F3EF20
:1042A000F7EFF6F6FFF8FB09010B04FE0809060319
:1042B000FEFC03FD0204FFFFFBFEF6F1EFF3ECF260
:1042C000EFF4FA05FF0202090400FBFE02F9F8030D
:1042D000F801F8FCF6FBFEFBFAF6F3EFF8F8F2044F
:1042E000090B0B030C0908FCFE0501060106FBFB8C
:1042F000060002FCF9FAFAF8FA0001FFFE080E0CBB
:10430000000304FEF8F4F605F90206FA080600FCBC
:1043100002F5F9FEF4F601FE04070401010302FDB3
:10432000EDF9F2F9FAF504050803FDFB0101F4FBD0
:104330000100F9020B03010AFD01FDFAF9F900FF82
:10434000FE0200080904FC03FDF5F5FAFB00000479
:104350001309060700FBFBFB00FDFA01FDFD01034D
:1043600004FB090105F901FF020004FF0BFCF30344
:1043700000F9FDF7FAF8F7F8F8F6FBFAF4FAFFF8A7
:104380000300FC01F8FB0302F301000401F8F5FB54
:10439000FB0101F1E8F4EBEDF5F6FEFDF6F2FAFBB8
:1043A000F8FFF805F904F6FEF8FFF502FB05FD0538
:1043B0000BF8FCF3FCF6FC01FCFC030E08080603FA
:1043C000FDF3FAF9F9F5F90205FDFE03040308FF10
:1043D000FE0303000400F9090A03020CFBFCEEEFE4
:1043E000EBF7EEF0F7EFF2FBFB10080C080E0306FC
:1043F000FBF7FC0406020C03EEE6E1EAEDE2F4F65C
:10440000F3FFF4FF0403080708070303FCFD01FDA5
:10441000F604FF06EEEBE5E4ECEAEEEFEFFC07094D
:10442000070E110F090D090D07F9FCF6F1F7FA0750
:10443000FBF1F3F8F2EAF6F5F800F8FE040F1A15AE
:104440000E12150E05FEF9FFFDFF07FEF7FAF4FC4C
:10445000F1FAFE0808FD02100D15131A14171710B3
:1044600013080606FE0002FEF8F1F9FF0104040439
:10447000070808131B1C26242821211F160A110CCB
:1044800002050A08F5FEF7FC07010A10090D1C1EBB
:104490001C1E232D35272513151A141405080A0789
:1044A000F5F802070911151214181612141C0F142E
:1044B000120C0F06110C08100E0C020CEEFE0E046E
:1044C0000D0814140D0C13100A06FAEFF6F0F100A3
:1044D000070200070608FE0AEEFD0701090E09089B
:1044E0000C09FAEFEFEEE9E7E9DDEFF2F8F301FC92
:1044F000FBF8FB05F8F900FE03F3F4FBF6F3EDE13E
:10450000DDE4F3F3E8ECE9ECEBE8E5ECE2E4FAFAFD
:10451000EEF5FBF5F0F2F6E5EFEBF2F3F4F701035D
:1045200003F8EAEAE5DBD7D9D4DEF0EBF3FEECE8FA
:10453000EBECF5EDE9EDFDF9FB0201050AFEE8E81B
:10454000EADEE1E2D7DBE6E3F5FFEDF6F2F2E7EFD4
:10455000F0FAF7010104080F0AF4F7E9EBEBEEE0DB
:10456000E9EBEBECFFF8FEF9F4ECE9F700FF02FFF2
:10457000F8FCFB04FBF9F2EAF6F2F2E6F0EBE6ED0A
:10458000F5FDFB00FBF3ECF5FC03FBFFF3F0FD0195
:10459000F9F7EDF3FF02F7F4F0FCF8F9EDFEFEFB9E
:1045A000F1FAF8FFFC01FFFDF5F6FDFCF3F8FE0D56
:1045B000141102030501FBFFF5F0F500F9F200FF0D
:1045C000FA0605FB0201020406050815181B1B1458
:1045D000070D0C09EDF8F9F7FEF9F70104040C0CCE
:1045E000150911060B1516191116181A0E191002B5
:1045F000EA0005070400FD0307051406080C14155E
:10460000101A1A0F1215111C0E150EFDF8FFFE0AD6
:104610000C02070808040F110F16141513140705D0
:1046200011131513150C1303F4FFFD100A0F0D07DA
:10463000041515141012120D0A1508030A080D07A7
:10464000100F150AFEFF080D141807120B110D0AA2
:104650000A070A120D0BFEFE0203FC0006051105F7
:10466000F8FE020A0F0D16150D0E0F0E0808070AA8
:1046700004FE07000707000706FA05020200000112
:104680000B0B0F1817171212050E0D020C07020361
:104690000009FF06FB030D0B06F2FD020105070FE3
:1046A00013140D0D10070C0E13131403040904F357
:1046B000FF0304100B03FDF7FAFFF8F502F9F3F915
:1046C000FEEFF3FDF6F3F6F5F2F2FCFCF9060E0947
:1046D0000002FAFD07FBF706030BFB0501050B08BB
:1046E00000FF02F8F9F6FAF5F60907FA0709FE0ED7
:1046F00005FE0D0C100A090F171C16161213190AC5
:10470000070703060AFEFF030307000A0A0B110C42
:104710000F111C17282B29271C1422181712060505
:10472000FF0405F8010808030C04151C1F19242AAE
:104730002D242E2A3429291F2716170C0B020A04B0
:104740000A080C0D0A15221D2025241F2D2B383296
:104750003635312F22191A0E0715060906071109D9
:10476000091411151B1C2528333136403D343334D0
:10477000241B13161713050B091109090B15131820
:10478000181E1F20302E352A353228221F1E1F10DA
:10479000161010130101040F141B0A10151D151A11
:1047A000160D0E0F18100E0D1F161A141D1D1D15B7
:1047B000FE010D07030F14110A070500F6EAEFF1D9
:1047C000E7F2F5FF0C1118181521111AFFF907036C
:1047D0000B0304F7F9F4E4E5DCCBCBC9D3E6F30231
:1047E000FC080B0911100F0FF9FEFA0003F9F5F19F
:1047F000E7E4E4DDD5D2CBD6D7D7E3E9F9F6F8067E
:104800000E02040DF501F6FFF9F0E6E0EDE5E8EE45
:10481000F5EFEFE9F1E9E3EEF5EFEAEF01FD070A65
:10482000F200FEF5ECEFEFEDE7F5030C150C04FDDF
:10483000F1F2EDEAECE4EAF0ECEF05FAFDFEFDF54D
:10484000EEE7E7EDF900020B15160D00FDF8F1EDAE
:10485000E6E6EAE3E5F5FCF6FEFBEEECF2F4EDFA53
:104860000009091712120BFEF9F2F9F7E7EDE7EB71
:10487000E9ECF103F6FEEFF3F5F9F2FB030B0A1690
:104880001B0F0B0106FDF1F4EEE7F1EAF2ECF4FB8D
:10489000F8F9F9EDFAF7FA03010B120E0E090AF90D
:1048A000FFFFF8FAF5FBF9F5F6F6FB06F7EEFAFB73
:1048B000F3EFF0F9010504FE0500FE0405FFFE021A
:1048C000FFF7F2F8F9F90002F6F7ECF6F4F3F0F579
:1048D000F4F5F2F901070107060F0B09FF0704FCC5
:1048E000FFFBFA01EAF8F1F5F7F2F4F6F4ECFAF26C
:1048F00002070F150D120BFF0404FBFD000103FE60
:10490000F0F8FEFFFBF1FDF0F5FDF4F8020A0812E5
:104910000E11110200020102FCFC0004F9F700056F
:10492000F6FFF4EBF8EFF4000602070F06000403AD
:10493000FF00FCFA03F9F3F9FCFAFB04F8F8F0EDD8
:10494000ECEFEDF6F2F6F8FAF6FA01FD00F8FEFCEF
:104950000702F8F603FAF7F7F0F6E6E5EDEDEFEA11
:10496000F8EBE6EFF4F5FC00F700F5FEFD000000C3
:10497000FFF6F2F2EAE9EFEBE3E2ECEBECECF0EE5F
:10498000F3EEF8F1F9FEFD03020203FF02F9F3F87A
:10499000F6E3DFE5ECE3ECDDECF1ECF0EAE8F6FB66
:1049A0000102010AFE0303FEF1EFF4EDF0E6E0E49C
:1049B000E6E4E5ECE8F2EAEFEAF3F1FFF9F7F7EE07
:1049C000F605060406F9F8F4F1EFE5E4E3DCD4D9E2
:1049D000E7EFEAEDFAF9FCFE01050B070700FEFB25
:1049E000FC020404F2F1EAEAE0E9E1E4E8E7F8FABB
:1049F000FF06F60706001409F703F7EE0C0609FD9B
:104A0000E8ECE9ECE5E6ECE8ECF3000B0A0A0DFB58
:104A100007FEFDF6FB020AF70AFBFDFC000504EBAE
:104A2000EDF0F5F6FBFF0E120C0B01F7FFFFF5FAA8
:104A3000F90303F9FBFE09FA070707F5F8F7ECF2AB
:104A4000F5FE0C090F0D06FFF4F4F103FD05FF0060
:104A5000090D07090B120EFB0301FCF4F401060B10
:104A600010090C02FBECF9FBF705FDF90D0A040C2B
:104A70000F1809030E08FFFCF9F801080F100E04C7
:104A8000F5EEECF7F9F1ECF60C0F0C0F1D151C1000
:104A9000141313FDF2EF001014190F04F3F4F3F2E2
:104AA000F6EFF1E817111626171A1311151314064D
:104AB000F2EAF70F181C0D0CF7F8EFF7F0F8EEEC30
:104AC0000C131C271B1C16191F151B09EEDFE50A0A
:104AD0002F282405FDF5ECF3F9F0E2ED070F20197E
:104AE000231F16161B192110E9CBD2062E2F2A14CC
:104AF000FBEAE9EEEFEDE3E5111A221C13150C13A6
:104B00000F1D160BD9BEC90E343A290AF7F3EEE190
:104B1000E0E4DEE91B10171B1617010F121717F937
:104B2000D3ABC30D34403108F4F4F1E1DDEDEFF91E
:104B3000111318120D110C0A18140FE7BEA9CD1B82
:104B400034422609F8EEF2EDEAF4FDF810151A09E0
:104B50000E0B06070717FED7B4B7E728443521F335
:104B6000ECECF2EBE6EAFAF9060E150E1112130F51
:104B7000070CE5C3B9D0FD32442A1AEDE1F0EAE7AB
:104B8000EDF30506FE0D10140D110D0C0BEED4C146
:104B9000C5E814363B23FDEBE0E8E3E9E9F4060F52
:104BA0000907121012130D06F3E2D0CCD4F7212A14
:104BB0002C13EBDADCE8E6E1EFF0070F01140A1939
:104BC0001D190504F0DBD7D6ED07162815F7E6DD2D
:104BD000E5E7E9EDFBFAFF080612170B150E05FBDA
:104BE000E8DEE5E6F50513150BEAE3E3E4DEE3F4BE
:104BF000F2040814040F0B0B1007FCF8F1F4000387
:104C0000FD010E06F8E5ECEDF4EEE5FBF6FFFF0A1C
:104C1000FB0204FCFFFDF806000F080E070F010061
:104C2000F3EAEBEEF2F8F0F6FB06010BF8FEFBFC04
:104C30000205FF101415180E0905FEF3E8E9EDEC66
:104C4000F9F8FF040F080A0FFDF705FCFDFE0F142D
:104C50001112120B07FEF5E8E1E4F1F0F7FCFD029A
:104C60000808050304FC01FC0B0D0C160B0A1505C6
:104C700005F7EDE2EBE3F1F6F7F2FFFC0803FEF8CF
:104C8000FDF9F7FC060908060E050400FFF8EDE93A
:104C9000E2E7EFFDEFF8F7F50A0D0DF7020000FC73
:104CA0000D0B070902010F0EF8F5F0ECEBE3E8F14C
:104CB000F4F7F201FB0607FF00F9F8FB0B0B090AFA
:104CC00005FA0102FBF6E7E3DFE1E7F2F3EEECF7CA
:104CD000F7F4FBFD08FCFEF5F9F2E5E1EDF0E1E2A9
:104CE000E2E8E1E5E4F3F5FDFD01FA05F6F8F8FE8A
:104CF000FCF9F7FBFEF6EDF5E9EEE6E9EFEAF2E99D
:104D0000EFEBECF6FAF5F60006F9FE0BFF000D01ED
:104D10000CFDFEF3F9F702F5F3F0FCF8F4EFF6F012
:104D2000F9F4F6EFF500FF0111061004130C00076B
:104D30000D100A02FAF8FAFAFCF9F5F2F901FEF69A
:104D400003FE080B0110030811151814130C0A04B4
:104D500006F9F605F901FFFBFF06FE090B0504FF46
:104D600007060C1414110C1214180E0D0C0A010D68
:104D70000E0C0B030A020311080B030A0C00151397
:104D800004102218130F0F11150F0B1013170E1309
:104D900011070D18141A1B1D09090B040E09191906
:104DA00016130C0610120A09191315111618161BE2
:104DB000171F22270D0F110C0A101017180B0E09C0
:104DC000080303050E09191707151B1F1E201925B7
:104DD00008070A0B0310090D11140D02FFFB00FD5B
:104DE000FAFC0F0D0E090E0F17141E12070009FB17
:104DF000FF040E0D1212130A0605FBFBEDF200FA7A
:104E0000FE0B0E160B090A1401FDFC02FD09FC0B3A
:104E10000F1D1917190E0FFBFA00050804060905E6
:104E200002FD03F6F5EEFDE8F4EEF2040B18181996
:104E30001919150A07040F110303FFF1F1EFF2F03E
:104E4000F6E7E8ECE0E8E6F80A1F252224271C1E16
:104E5000130F0E10FBF7F9E3E7E7E4DEE7E3DFDC2F
:104E6000DCDBE3ECFC11212D242D28241F0F03F99A
:104E7000F4F4E5DDE2E4EAE5F1DEE1DDD9CBD5D518
:104E8000E3EE10201B1B22120C0DF5FBEDF0EEEBF8
:104E9000F1F3E8EDF0F0F1E5E4DCC9C8D0CBDEEAEF
:104EA000F70709FB00FCF0EFEDF5F3F4F0F3EEE5A6
:104EB000F4EAFEF6F3E2DED0C8C4BDBFD1DAE2DB2D
:104EC000EAEEF1EFEFF6F0FCF9F6E9E5FD0005FE9C
:104ED00003FCECE3D5C7CBC6C2CCD2DEE2EFF3F8DD
:104EE000F5FDFB04FDFDECEE0C0E07030F06FEF6D0
:104EF000F1F0E6E4DCE4DDE5EDF500FCF40002FDB4
:104F0000FEF9F3F1080212110D0B110D140D0C0234
:104F1000FCF8EFF2EFFE02FBF303FEF8FFF9F2E814
:104F2000F5FE0C1018141A17181B1B0D0800FAF0C8
:104F3000F0FBFC0400FCFC01F8F2F6F902020904A3
:104F400009040D0E0F170D120802FBF5FA02FF09F6
:104F5000FBF1F6FAEEF1F4F2F6FB020905FC0505A9
:104F600008110A0F02F3FDFEF5F8FFFEF4EAF0E582
:104F7000EEE5E5FCF30500FAF8FDF3FAFBF902FAB9
:104F8000F3EDF1FBEFF3F2F6EEECE9E3E0EBE7F241
:104F9000ECF7F7F0F4F7F2FCF2F1F9E9F1EEEDEBF2
:104FA000E6EDF2EEECE1DEDCE8E9F1EBF4F4F9FF3A
:104FB000FE0103F4F1EEF7ECF1EFF0E8F7F6F0F5AF
:104FC000F9F8E7EAECF1F0FA0AFA03F9F3FAFC036C
:104FD000F3F4FFFDF1F7F6000507FCFDFAF3F6F137
:104FE000F3FCF7FFEEF2FFFFF0D8FFFF56040000DE
:104FF000D01800008E1F000073010000E41D0000A7
:105000002A1A0000BA230000ACEAFFFF3F1D00008F
:10501000461B000078280000ED2000002BE6FFFF73
:1050200024100000AD0E0000DE4E0000D709000085
:10503000E80D000039210000F00B0000B8EEFFFF82
:1050400013E7FFFFA6CEFFFF5A0F0000963A0000BD
:10505000AF160000A81E0000952A00004A2200009A
:10506000D5FBFFFFACF1FFFF59F4FFFF94FFFFFFFB
:10507000330700005F00000060C9FFFFA6E6FFFFE6
:1050800097E9FFFFF4280000C51C0000D9250000A7
:1050900000E4FFFF12110000E9170000E2F5FFFF36
:1050A00000000000D7F7FFFF001C0000950900007A
:1050B00032210000570C000076170000B3080000F2
:1050C000DAC2FFFF98F6FFFF49140000F5C9FFFFA1
:1050D00099F7FFFFFCDBFFFF1AF6FFFF8B260000AE
:1050E000DB140000160B0CB9B1E21CE41EB322BAAB
:1050F00018D9F41C148CE6E3F0E110E2EE12D11999
:10510000362019171AB8F5261B280EDCE0D0350C0E
:10511000D51EEA1A00C7C2A51F39E90AEEF21B1C08
:1051200006364BB2C8D837502FE5ECA853340235B9
:105130002338DFEBD73CE4192014CFBCD4DA15E9CF
:10514000FBDAD11EC7F05FB4D7E650EB062427C9BF
:105150003123F9D1C361263236571DBFFD06E3B0B6
:10516000CEE34AF1E2F7231021EDE2D5BA4106D0B1
:10517000A031102EC6A709340EF9DC14EEEBF92A83
:10518000F9F9FEFA18C2DF490807F911D519D62E28
:105190001EB915ECFE0B18F12AE22007F963153E43
:1051A0000917F3C8E0FB0105CF1C16DCB5CBF2DC18
:1051B000AA3524414E150FB314182322070FF2BC51
:1051C00032C517E93709C0ED0125A41521202BF7B9
:1051D00012BFF2F2E13FE0E22BDD0BE5E7AD250087
:1051E000F8D8A91E0D17D12B1025DB84CBCD181DA7
:1051F000DFB40197DE1D0F37D21E07E618E53253E4
:10520000DB01211E8F38399719C9EEFDEBE0D44D33
:10521000E12400101313CDF797AEEB082D1DEFDF3F
:10522000C2983D271C0E0A8116F2236D3AA6F3E4BC
:105230004C3F00A83F551ED22AF5183ADA3320E831
:10524000AA26FB102AF02313F5D9C6FE063D1ED66A
:10525000B9F51004E2D0E4A9B1380710EECCE105AD
:105260001504CD1D0E1AE0DD50EEDA284709E4FEE4
:1052700059F7179DDAED1B4AAA01101E18D1A94B48
:10528000B4AFE40E19C84326DDFEF9E8ED9DF00C3D
:10529000CED011CD100405E9933412200E1F09C59C
:1052A000EDC4D4D714DA9E1F1514163DD02A324906
:1052B000B000C91ECCF0DB1D0A0705E8D5E210B727
:1052C000105628BE1DE4B21CEAEBF0D50C3ACADF3A
:1052D0002306D02022DF46324DC0C9E70DBAFC5A62
:1052E000F84036081D2125DDD412FECFCC40D6CAA9
:1052F000F3EF00D5ED0A01AD121E1FFA1AE8EE9584
:10530000DADBCF0EDC24FEE5F705332AF30B0CB70E
:10531000EE0F0E10E6E1F1F6C3BD022016DA0ED351
:105320001B1E9F13F2130A17871328CCEFCEFB0F17
:105330000C9EC4230E08090115020BD80BEE2AFBA4
:10534000332DF6C39D27B0A62007C9F220D9D12E50
:105350002E2ACD2329A9AA0F02D2071415DFB7F0F0
:1053600003151327DAD7FFFF8D11000019DAFFFFAD
:10537000C511000069FDFFFF831D000002EDFFFF66
:105380003016000003D0FFFFC9F8FFFF9FBD4E8F0E
:10539000D043E0B050E249FA453F1C1B66483669ED
:1053A00029554F354E10563836FC7F436C4F1D4201
:1053B00032320000CF0A0000D1080000E5040000EE
:1053C0001F18040902EC273C1A361B38E5160CA6F8
:1053D000C9002E21FA2D2E1FA4EA0D103B29E91435
:1053E000258AA3E0C3E9FDDA061422F2313E220841
:1053F000F3F829D7281CFA291F210EE305FC3339BD
:1054000017FEFFED1D152A3EEEE51B11F8273FF9AB
:10541000DDBDD7F6C434462E37339590BCB8F54081
:10542000F55C28A5AEB3AA14251A5F20E81F24DB7B
:105430000208DF092B25D8A73DCE9D26AFEF3927DF
:10544000C05BCD9D42CDC46C06AA6901D241DDA3EB
:105450000D113E072A11150E292E25E231292BFCAC
:105460001C482E1F13F923E82A1C0F0502EA12FF1D
:1054700017F9EE11DC1819CA0EFFF8E5E3079CAA2C
:105480001F4B0D0E132ABF859E3B2DAA2A3223CE19
:105490008E815F43074C514AFE5EF01F49E8452F5D
:1054A0000EEE2016CA0F3FB41F23D82046B9F03A9B
:1054B000A60F3BB1FC51D4F426D9124A0215310E85
:1054C00000270B44F6B0C54DB4C12CB5121CBDD09D
:1054D000279ECE2CC9FE4DD6C60AD10C4AAF041E5B
:1054E0003DFCFFFF7A11000050FAFFFF8E1D000007
:1054F000FAFCFFFF6326000070E3FFFF1D150000AC
:10550000ECEADEE5FBECD8EFD8EAFB120BE8FAE5B3
:10551000E6070702F018F8EFCBDC08FC180915EDD8
:10552000041B0C150D130B0A02F5130F0F0A02EDE5
:10553000E1F2F702FEEFF90008FDF61A1806110C69
:105540000104FB1A0A170D050BF3FC06201F18F8BF
:10555000DDF10F091B0416021503FD0F15060AFAEB
:10556000FCEDEC09FBFDE2DEE8FE060806E8C1CD35
:105570001502210EE4CCBA0D0309FCEC01EFEFE1BA
:10558000D0EF103203E1C0C00D4136F9E8B7B4EAFC
:105590000AF203FBEFDAE4FAEFF2E4F1D8E7ECE326
:1055A000EEE3FA1A0AFBFFF8E421370B0B0FFEE7D4
:1055B0001C15FD141703F6F7EDCE05F4F7E8E9D452
:1055C000D2E0F1F1EAEEF806050702EDEE03190864
:1055D000100A0F110411FC040924090FFBFC21130C
:1055E0001E120EE8021903120805060F0A09F00B35
:1055F000180103F0E9F7F4F2EFF20103F9DEE3F347
:105600000003F200D4E1E7010008C8C2E2D0E5F3EC
:10561000ECD2D0EA0DDEECE2E0DC141FE6DCD4EBE9
:10562000F20E19F2D0D9DAF9FBF6F4F7EFFD05FC2A
:10563000F8000AF4160F0EF825352F060F0AFD1F85
:105640002C270E1819FA10280F0D0FFBD8DAE0E1FD
:105650000006E0B4A8AFDAF3FDF9E0E6ECEDFFEE0A
:10566000EEE9F3F4E9F30BF6FC060B040503191D50
:105670001220F9FAFC0F090B13FBEAE6E3E2F2FC55
:10568000FAF5F5D8B3C4ECECE6F40802FDF1F2DE6D
:10569000E4E6DBBCCDEDE5F3F1DED7C8EDE3DFE218
:1056A00000EEE6E203E9E70AE1EDE80A0FEDFBF3BD
:1056B000FC07FFFEFDFAF201060C040B1710040CA8
:1056C000D7E9EB09D9E9EAD0E3F60BDCD6EBEEF843
:1056D000E60CE2E8F000FBFC03E2F1DB06010AF570
:1056E000F704081202FEEF0108F5EAF404E6F70EEB
:1056F000F9EFF3EEE70E27FFDCF3D3F51B15ECF71C
:1057000006F30C0BE024141C0305BF01190E1BF754
:10571000EEB9EBF2FF0CF5E5DDEBF8130F273C2BB0
:105720000CFC0D0425471604FC0207105614070D47
:105730000C170C4A1D04040707533C18FEF60725F6
:105740003A1AF2FC1DFB0E1D1AFD0204E2E9EEFA04
:10575000F5EDF1CAE3E8FAF5F0ECE0E0EE0006DC86
:10576000EDDBE0E013FFE3EBF8F7EC0EE6E5F6091E
:10577000FBFF02F7F8F201F007F1FCFBF8010B095F
:10578000F3FAEC0F1306ECE6E9E704010DE5F0F09F
:10579000D9EC101FC5E3F6D3E80E0FC7F4010318C8
:1057A00010FDCBFC2830250B01F4FF291A06EDF281
:1057B000132A35250DE8EEFE1E262312E7FB091FEE
:1057C0000E0CFBE1F3F9200CD5FFFEFB0C2AF9D3FC
:1057D0000C0CF7091916E900030C14062E0A0D1219
:1057E0000701141E11FC0908122243380AFB020C9F
:1057F0001D54230B000E0A304F0A0E1712FB2D33D7
:105800001B060910FB36360009100E161F19F90782
:105810000A0E28212410F9FE1312201F06D8EB0DC2
:10582000060901E5E2EEE6FDFAECF510FB010105E3
:1058300018273C17070BF7142523081112F1FE0E49
:105840000902090215040CFC0D031417FF01ECE218
:10585000F6EAFF01F9ECEAE6EFF3EEEDF7080B05E7
:10586000141319160B0F080A1A1404090803F71663
:105870000AFCF905F9F9DAF4EBFF130B03DDC5AF08
:10588000EF1A19F6DCDDFF101B26150F13360E1F5D
:10589000261D0F2546030F1EECD73449F404D7B25A
:1058A000D2FB090604EE0C010001F3FBE8FE01FB4C
:1058B000050DF2CBE9040A0CFEDDBAE5FB0902FA9C
:1058C000F3F8F4EAEBF1FB05E9CED7EDF106FFCDF5
:1058D000D20601E30508110C0B10F8040713190C8C
:1058E00001FEF0F8F3ED05F2FAE9F1E40108FB0B33
:1058F000FF12121F0C0A15140410F1050CFB1312F1
:1059000009FE00FE0007F2FB01F503010416201C4E
:105910000BF2040F422D14FCF4FA20210B11FDF6BA
:1059200011FCE4EAE7131915EFE3E1FA3F4D290909
:10593000EADCFA18350D0F0A020CEFE405090D092F
:10594000F6080407ECE1DD013035F5EFEBE3EBFDA4
:10595000DFE5F909EEEAD4C8E21007F2DFD3E2048A
:10596000FD09E8CAD2F50108FCF3FDF101F500F7E5
:10597000F1EEFCFE0BF4F1ECFD2B18020208FD0821
:105980000C0200F001F0FEE6CCF5F8FAF3D9BCD138
:10599000EBF708FEEAE3F6F901212C3613FAE50DE0
:1059A0001E2D2102DFD21109140C05DAFFE9F804DB
:1059B0002C0B04FA0CFF0F0F1206F0F5141601FB66
:1059C00008EDF1F900FFF9001007FA0B07062012A5
:1059D000FA000918061301EDF407161705F0EAECB2
:1059E000F41A0CFEF8F5DBF408FFF2F2FCFFFEFC03
:1059F0000F02F703F60804100605F7FC03F8F2FBA4
:105A0000ECFF07EDEADDD9B4F61D18FFE2BABEF5EA
:105A100009171EE9D0DDFBF0EF0500E9C3FB1626F0
:105A2000342E14CD1121313F431A030900F604F836
:105A3000F50B08FCBAF8F4050202E1A4F60B011616
:105A40000DFACAE6F5FA0202E7CBC3F4F105F9E074
:105A5000B7ED05040DF6FEF1E2F707010D07130F90
:105A60001519FC110C130F15FE08F6E1E9020DFAE9
:105A700008EBE2F2031509F30AFFE2F910100F0335
:105A8000000CF4FB0A16FDFCFF0B0C191104FCF9C9
:105A9000020C0204062721250609061D2E0E00060B
:105AA000EE0214230C0C07F10826494E1E1AFFFFC4
:105AB0002A3D2F1FF0E3E80D22230BEFE10608FD3E
:105AC000FC03EAE00A09F7EEEEFAFCFEE2E1DCF69E
:105AD000FEE2F3DEF7FBEAD2F800EAFCF5F2080E8C
:105AE0000DFE02F1EDF40610EDEEF4DDDDEFF7044E
:105AF000F7F3E6E3F90CF8FED6D1DBFD02EEE7E4BE
:105B0000D3E5FF11F8F2FFE2D3F8FDF0F2FBEAEF84
:105B10000606F0F4E5F7FC0F08FBF5F8FCFD0407BA
:105B2000F1D8DACDD0D3E4FFF2EBC6CDBC04F7EE6A
:105B3000F2BABFCCEC0905240C130EF60F09FF12C4
:105B4000040CFFFCF8E5F4F8FEFDF1F502F0FCFAB8
:105B5000F3EEE4E8E2E7EAF4FF0DF6E3FAF1FFFE24
:105B600015FFE7F0EAE81A131907060A04051815E5
:105B70000A160519F807FE04F1F90EF205EDF8E929
:105B8000EA0A03F901FB080C0E04FDEFF121352AA6
:105B90000209F5D0F52830FB10F7DDF31D101722B0
:105BA000FCF10400040C11FDD6C4D8F4EA03E6E1CC
:105BB000D9F7F8000403020CFBE9ED113430310F82
:105BC000FFFC083D042621EEF6F801DEF0F8FCEBC0
:105BD000EBE9E9F7F4F6FBF80A281501FDECF918F2
:105BE0002406F8FEF7EBD9E1D8DF00FC0107E1F16C
:105BF000FAF8FB1C1AEDF1FCFD08121A0511140548
:105C00000DFE07F713FDF8F302FCF0F6FC05E0ECDF
:105C1000F1E8F20707F7FE01F3D9DEEDFEECFCDE5A
:105C2000CCDAE6E8F0FFE9DCE6F0EEF100FDEA08A8
:105C300002ECE800EDE6040CE9DFB9B8E8FDF7F5A1
:105C4000E7DDD401F9FAFFEDF80A2F2FFCFC0B1F5A
:105C5000383D3C180E0B1C1A3A27FE12160500138D
:105C6000F5DD0CFDF41503D5F9F6F4FB271C07EE62
:105C7000E8FC08252513F0ECF3FE131706F6FE0BDF
:105C8000292A3532EFF80C1B192C26F0FE05E7C740
:105C900002F6E6F404F1E9F2F7EEF800181F1BEE45
:105CA000FEFBF8081911FCFBFE0700EA021B36E0B8
:105CB000F2E1F2133B3AF1F3F415304737FC161ECC
:105CC0000F171101FB051DFEFEEBD8EFF7050BF8D2
:105CD000F9F9E4FDFF1103F8030A010403130912A3
:105CE000030206F8FD07FFF6FE13F6ECFF0FFB0FAD
:105CF0000AF7E9E3F6EBFBEEECF7ECE2F3FCEFF787
:105D0000FDFEFDF2FCFA04150DF1FC0910FF1B1657
:105D100005E808F704324A3FF7EEE701144353E879
:105D2000E8E703DCD8EAEBF802FDFFD1C0F9012572
:105D30001D240BE4EDF00C1C231AF5090EF2E6F914
:105D400013FF1604F6C4E503F9010305DCCCDEDB22
:105D5000FBF2F1FDF2EDEA02F4E3F212F80610FDB7
:105D6000D8F80F0B040408F0E4F90C0CFC0202084C
:105D700011131FEDF4FEEF0206FF02021813E2F208
:105D8000F9F9F90FF7F2EECE0005FCEB03F2DFE7CD
:105D900000FEF103120EEEF9F602FF1009060203EF
:105DA00008FF0D11FFF1F403020C0300DB000D1FCF
:105DB00023200217232F40350E23493A382A1C0F7F
:105DC0001C3C2C1E08F7F808221C18F9F5F7FE04F5
:105DD00007FBE4FC0AFF1116ECBACB02001A19E526
:105DE0009981E7FEFE07EDCFCEEDF502EFEF121A37
:105DF000FEF9F5EDF0F6111502FAEDD8CFFA170914
:105E00000406090B0403F7020214F0F2F80FFB1466
:105E1000F8C7CBE71203F7F3EFEF0DFF00F0092906
:105E20001D07FEEBEEFBFE1811F9FBEFE0FF110979
:105E30000612FE00FD2017EDD6CEC2E60AFDEFEFFA
:105E4000DACFF115FFFEF8E7DCFC00E50D100610D7
:105E5000060AF1F505121C020202FE1106100210DC
:105E6000F9FC0B060201E9F703F9EDDFC9D4DF09FC
:105E7000F800C9D8F1EF04100DF1FC0903120D145C
:105E8000141A110101231B10250C04F00214021531
:105E900016061305F90D23310FF10B10324A43009A
:105EA000F70806263D11D501DFEF091802E403CFFC
:105EB000CAEEF901E7F0BEA1C50C19F4E6B7A6B227
:105EC000C1D5EA05112E3C2EFFFF090B3A412B0AE2
:105ED000FCFF0C2B2105F8FAFB1C19E4E4F5EBFFA1
:105EE0000F1DDEED0706F2F1DDBDE2FCFC06F6E774
:105EF000E0EB0E0E0AFF01FC0C03F2F7F0F5F6E6FC
:105F0000F2EA050FFEF5D6E4DF16070F04F40F10D2
:105F100008080E140F1B1006050A1A152403F4F7BF
:105F200001F5FD09EF04F0DDEC01F6FAEAD4C7D87B
:105F3000E209F6E8C8C6D9FE1809E5B5D10617107A
:105F4000FBE8C1DF0E0DFFF9F7E1152017F8FB01A3
:105F5000EDFAEED7D4EAF71023223515FEF5FB0E45
:105F600017F6D1F4060F08E4CFBEE70E171904D8D0
:105F7000F9190F130E03DEFCFFFF0807DEB1C8F3AB
:105F8000F20EE0BAADC7F60B130B342B0B07091258
:105F9000232A3404FD121D1812F5F6F5060100FF40
:105FA000D1DAFB0703F2FAD4F4F509F9D9B9C7E756
:105FB000FFF7FEF6CCD8FEF9FDECE0D7C4CBD30555
:105FC0003A3B120FFEE7171B26282806EA0BFDF9BD
:105FD000E4FCFFEFEADEF8E2F40200F0E3E0EAE0DE
:105FE000E3DF02EDFDF2FDD8DFFF00FF0207020054
:105FF0000508FAF6FF150104140A20141AFBF9F13A
:10600000F5ED0A17F7E6F0F2DDEB000CE2F0E3FA4B
:10601000E0F7EBF9FA0CFFF3E1DE07F8F705160FEE
:10602000E90EFB00DFE7EF04041A21161B0CFD0B41
:1060300039352C072C02042B33271AF5DB1C23FEE1
:10604000F9DBB4C9092F2A1811ECFCFAF0E9DBE9F5
:106050000D0CF0FACBBDE7090506CCCCE006F80B39
:1060600007F21D1303FFFF0F24392305FC0B08174C
:10607000463716F005FE08382F0A000007FAF0EB45
:10608000FBF6F107151BFFF805FD0D0B1D050D14A3
:106090000F02E8F4E30A0708DAE4DDEA05FFF9F5A0
:1060A000EBE4F1E4DDD7000703030A02E310101765
:1060B000FFFF07060A11291B10130729404A060192
:1060C000F0F81A2E08D5F2FF09FE0EEBC2E0F2013D
:1060D000FAEEB6BAC4DC00FFECC9C9FF0E1900EE37
:1060E000F1D4BED1FB03FFF7CCC4CBE50107F8EB3D
:1060F000FEF9EDE1ECE3181905EBDFF4F10D0DDD30
:10610000E2E6E60C211307F8020E1E3658360007A9
:106110000CF1ECE70306F8F8E9C9BADFF6F8F0EDA0
:10612000EEE1F40AE7F313131FFFF7FB1807242B24
:1061300001FA000F213B3812050502153B3400FA25
:1061400011FCFA021A1309FBF1F60C1D0B110702E0
:106150000908F71503F4FA1714141D12F4FAF40BD6
:10616000F5F6F10408FF04FFFD00030E01181911F4
:10617000FDF909070D090701F8020A011606000BCF
:10618000020607071015EFF80311090DF9F10B04CA
:106190000EEEF5F2FC0615FCF1F3EE0F0A17181AD5
:1061A000FAF4060412FAF4EA07FC01F8FAF9E60137
:1061B00000F6D6DBE40CFCEAF3C4E8F30D0916059F
:1061C000EEE4D6C7CCF8D8C5C4E0D4C5FFDFC1DD46
:1061D0000C11F6F80EF3D3F7F60B04FCEECFDD004E
:1061E000F0FBF8FACFDB030102F6FCEFE904FF074E
:1061F0000323FBEAF7FD05EEDCDBF0FE0DF6FEE423
:10620000ECF3FE050BFB040C181A15090608020531
:1062100013FE0012130C080911F0FF0612FDF7EB34
:10622000F2FE111701FDFE07180E16FD0C010C18E9
:1062300015161112FA01FCEE09FEFE0AFCE2EB0053
:10624000040BFEFFF8081002FA07F9FE071F14FA04
:10625000FCF2BEC9F5090FFFE9C4E005110DF90C08
:10626000EA212204FC00F508F5EEEFE603FB0C063C
:10627000FBF71209040313FCFB0CFFFDF50C00D126
:10628000D9F904100A0DEBFFFC151C0CFE0D11F5DD
:10629000031AFCF9E6FA01FB0506F2F1FA0008FB25
:1062A000F5EED4F907FCF3E0E4DAECF501F407FECF
:1062B000DAE8FF0C0CF9FAE4FEFA040CFDCDD3F891
:1062C0000A0B05F1E3ECFEF7ECDCBED1CBD8F2EC27
:1062D000CEE2151302E600E6F8FDF800DB120B1B18
:1062E0000B0EF9E1FBFC1608F3E1EEE5EFFFE5FC30
:1062F000FE05F8F3EB00FDFF15FE05EEFF0DFB02BA
:10630000F8EF00020807071509FA0B141000170E22
:1063100003041EFCFBFD05050A19F9F8F2FDE3F480
:10632000DEF7EEE9F7EDEFECFE01F808FD09FBE81A
:10633000E0FD0F0A03D3C3C9F9F21102F7B3A5FBBD
:10634000DED9F826F7A9D7DBFA0004DEE7F0111949
:1063500012D4C4D1F91B291BFCF90DFEFEE8E8D8C4
:10636000EE0B0905D3CADDF009F913F5D4FDF506E6
:10637000F90FF7EF0F0214FEFCD5F816FA10110C06
:106380002C291906010408313513F406FAF7F6FD35
:10639000F3F8F1FBFDEC060F01FDFD1213F5090406
:1063A00001140D04081516F8EC0C00F107EFF7F6D0
:1063B000F3DFEE01F1FFF5F9FA0300120B0707090D
:1063C0001D0E130DFFEDFD0F161207DCD3E6020BB9
:1063D000FF10DEEA07FAE8E3EDF91828E8C2BEE6A6
:1063E000080EF2D1D2F105F9FCD0CBF71A09EEF57F
:1063F000E8C6B6C6FCFFF9E5EAEED2FA0812FEF3EB
:10640000020B0A0B1C0800031600FD08F00A180115
:106410000BFD00FB1A39200EF6F7163840460AFE2F
:1064200009FCF7F60204FB12FED4C6DC041601F7E1
:10643000D6DAEE03FFFFECCCEF0B00FD06F9DCEF44
:106440001D0E0D0C0E21261B0F08FD1031311910E9
:1064500049F4FFFF42040000F5FFFFFFF9010000CF
:1064600099F8FFFF000700007B000000FCF5FFFF2C
:10647000F3FDFFFF270A0000F0F50AECEA000CE943
:1064800009EB0EF2FD00F7F413090014FD0C0902EC
:106490000CF411F7F8EC14FC07F9E3F0F9E0DDE592
:1064A000FFF7CFE4E8D3E0F0E4FEF704F200EA01FE
:1064B000FD020512E603F7E4C7C9C5B4D8C4ACB8F9
:1064C000A6B9B7ADA7C6CBD1EDE80EEE1211020208
:1064D000DFE6E6BCD0B3ACD7D2CAC5ACBEAABEB864
:1064E000B5B1A3B5EE04020CECF2F0E3CBDCC0BE18
:1064F000C3D3DED6CFECFE01F7FDE2DFDCE3CFD184
:10650000AAE5DBF90AEFE7EFB8BCD6BDC5DBD9CE0B
:10651000E60F2A2D3E1D1B0DFBECC6C3B1C5C602FE
:106520000405D4C4CAD0C2DFBFCFE8DA110C3020D2
:106530002F3845151BFDEDC2BEBAC6DA1105F5CBE5
:10654000CDDDD8D3D2CBEFDF0F14131B3136442F60
:106550002703F1D39BA6B0E51CDDDAD0BFDCC7D79B
:10656000C3F2ECEEF80609102C44572330200EF746
:10657000AB91B8EAF2F8E5D0C0DECDE0E9DA09FB8C
:1065800018371CF800043F3C2F23221CF98E96F587
:10659000E0D6EBBBBECFEBFF030D1730252301D3B5
:1065A000BFDEF354262931391C8EAAEDF9DDC7CEA2
:1065B000B7C4F1050F02293422D2C6C5CDC6E42CDA
:1065C0002939254921E1C5F60AFAD8B7CEFF1026A8
:1065D000FE232C22F2B9B4ACAECDB2042D4A3A2F30
:1065E00028F5EED7070CF4BDE41E27272D2725F14B
:1065F000D4B7C6AFADB7CAF22B3D2B443AF0D7089B
:1066000009EFD2D2FC252C141B3A0FD9B4B79D9EAA
:10661000C7C4C7F2424342312FF0CBEAFFEBF2BBD3
:10662000092A2B3A3F3B15B8B6B3AEC0ABD3DB1F3C
:10663000231B3D4033FAE604EDE9D5AF082C26379D
:10664000434013B7AFB4C5C9A5DAF02D2B222724D8
:106650001ED5CD020DEBC5AB161831454344EDDC1C
:10666000BAB59FC5B1DD14241810101A26C4E1FF75
:10667000E7EEC5B3F9152321394719CDB9C3C7B220
:10668000C7F931081C0C0AFB01C1CCE409FEC4ACFB
:10669000EE20311E294D38C8DBC1B7DEE125FCFAFA
:1066A000022001EBE8E1F4F61011C1A9F8130E275E
:1066B00029263F26F2EED0FA1A0B16020D0CE1C67F
:1066C000C1C00305FFE2C7A4D11B063621373E3FF8
:1066D0001920FC160CEAF1F5DDF8E4B9DDDC1F1C2D
:1066E00006E0CEBAC007151F272E3B463D311928BC
:1066F0000DFEEDF2E5D7DBC1D1F0FE08020CECAFE8
:10670000D6DEF9FA1D222730432F2E19FFE8CDDD02
:10671000C8BBCCC2D4ECE4FBF00CDCCCD6C1B9CC09
:10672000D5D6CAD0DFE4F5CBC4BFCFBBACAAD9BCA9
:10673000C9F2E4151002F5F7D7C6B4B5BEB5C1C3AA
:10674000C7D0A9B6ADCECBC8CEBED8C7CCF308FD56
:1067500011FDFBE7E3BCAECBBBC4CCB9C9CEDBD6E5
:10676000D3B3CECCD5E3DDEF0E0B16F00EFF0C0C41
:10677000EAFAE5D7F5D7C9D1C7DCC5CED9D7C6D98E
:10678000F2F4DEEE1415F502F4EDEE0EED10F8F372
:10679000EA16FEECE3FB050EFCF4FAFF10F70C0A18
:1067A000F3F70EECFBFF0BEA02030505F8EBDCF652
:1067B000EDD8FFF4EEC2EFF7D801F8F9EF070CFAC5
:1067C0000409FEFDF10F03EDEDE2E4E7E7F7E5F381
:1067D000DFC6CFAFB3CBE5CCECDFFBF001FCFEEACC
:1067E000F3D4C7E5CDD7C7CAC2B7D6BBB59A92AB6B
:1067F00093A4AAADD5CCEB0A070F0501F8D6E3CDDB
:10680000BECFCEEF0B1F2E32FDFE111E562D341FB4
:10681000E1AED0DFFDF5F4FCF1DCC4B3B0AFC9D715
:106820001728460F0E052B254C3C1FF7E5C4C4F670
:10683000F4FAE3F1D7C6E0CDB5C7B4D1E2081FF54D
:106840000AE11A2B4516FBEBBCC2AAE40EFFDDDA07
:10685000DED9C8B7CEC0CBB4C7F01A22F2021508F1
:10686000FCDAD7ACB89FBBE60DF2D0F0DFC6DED1C4
:10687000C5BDAAD5D3F82920342A12E8E7D3B1A69A
:10688000AF8EB1F3FD03F6F4C4E6BDBDCBB7D4AE15
:10689000DB22395A483DDECAE0BDB0B59C8CB0E77A
:1068A000F10CE9CCE1E8E9EBC8B9B8BEBB2B5B540D
:1068B0004824D5DBC5C1C5CAB0B8C5F0F706F5EFA9
:1068C000F2CADCDFDAB8AEBEC23C435B2CF3DCBB01
:1068D000CFE2DADCD2D2BC0202F7E8DCF6DAD0C5CD
:1068E000D3B2B3BBB74B445530C5C8C4DEDEC5EB2D
:1068F000D1C4DFF907FCF3EBF3DDE0EEDBCFA9B6A3
:10690000A35F404F15A5BACCE0D3E2CCE1CADEE8E4
:1069100009ECF6FBDADED6CEDDB0B4B0CB47544698
:10692000B5ABB1BFBADDD4C3CEC6EB00EEFDF0F11E
:10693000ECDDDAC7BAC3A4C4234C4153ADC8A9CA1D
:10694000D9CCEACFDCD9C9E6EF10F7CACACED3DF7B
:10695000B3C0C4BE37614833AABFC0D4D9CBC6D7F1
:10696000C9A7F2DFF513D0C7EBD5CCD3D3AFBD2287
:1069700052553737C4A4D0D6C5E6DDBEB5B9F0E26E
:10698000ED08E2C8BAC5B7B9D1D1FE3934483F07DE
:10699000C9CCBBBDD9DADCB8BDD5F4F5FCFBDEC68D
:1069A000CDD3B3C8CDEA2A43454D5A1ECBB9D7BF84
:1069B000D0C2D3BDDBD9E40BF202D0D0BCB9DDD557
:1069C000DA0C1B35212531FEDBD4D1BCC9DBB8BACA
:1069D000C2C2011305EDD4CDCDCDF1DA1218100FDE
:1069E0001E112509E7E3D4DFE2BBCCD1C6FDEE08DA
:1069F00005FEC9BDF6030625221420E4F5F026376E
:106A0000100CCBD2DBC9CED9C3F6F70C02F5DECC25
:106A10000413242D363904E9DCEA18483A21EAF156
:106A2000C7E1C5BFF7090D0AEF0BE1CEEB0904FA88
:106A3000DAC8CC9EC6A5DAEEF5EAEEF1EDD4D8E1DF
:106A4000E816FDFC0D0EFAF1B8B9B08E9E9CA7BDFC
:106A5000C4BDB2ADAECAC3D8C9D0EBF7FFFBFCF9D9
:106A6000F50C0506D0C3ACBECCCEBED6C3B0D6B5F1
:106A7000DCC6E3C4F2E1DDE30CE2F90E16F70E0129
:106A8000FC00EBD3EDF1DBCBF1CCC3E7E7DFD0E2E9
:106A9000FB05F104F7F51611EEEFFAF9F20F090410
:106AA0000308ED15FEF11B15F800FBF9F205F10DD9
:106AB00012F3EEED01FA1209FCE8E5E4E9F2D9ED92
:106AC000CCE0E60B24FDDAE3D9E7ECE6F90309F3C1
:106AD000FC0205E6F3EAFEF9040E00F1F6E6E4DA5C
:106AE000CDE1B8A8ACB0C6CAE9151608071401E68E
:106AF0000A101D2E2B344C3C374241431825E1EC43
:106B0000B8C6BBA1C1F5E6080FFDF8FAEF1A2830A8
:106B10002C3F2B2C2C473333263C1202F7B6BCBC3F
:106B2000AECEEAE30C010BF3022B163E3C4C3B507D
:106B3000304C573F4F3224F8FDE1C8C5B3D6EBE2E5
:106B40001405E505172635352A4131233D4B2637F7
:106B5000393B201EF8E3D3A6A0C6BFD0F0E4F6066A
:106B6000F822273925273A441D22F3FB110718FB89
:106B700002FEE5CAABAABCDEFFF2E9E6FA201A2B58
:106B80001C0C00F7E4FDE7E5EF18190105F0CFC68E
:106B9000919CBAE5E7DCDCE6042703EAE7CADDCC32
:106BA000E8D1C0F50F1D13F5FCFAE7CAB5A4C3FD83
:106BB000DBD4F1DEF802C8BFB6C4BCCEC2C9AED5C4
:106BC000FB0A191C00EAD4C8ABB6FA02FFD4CFF511
:106BD000D1B49BA5B5C2ABA8A1A2A5C1E007111471
:106BE0000FFAD9C6CDECEFF0F1DEE7DFDDA69CAB06
:106BF000A0BBA3C191B1A2A3EBE4060C07E2B1BC18
:106C0000C52E0DFFFBEBD3F1A8A39E95A29FBEBBA3
:106C1000C4B4BBB5E3DDF6F1D2B6A8B4DD3C2E1F9B
:106C2000EFF4E7D9D4AABEA5B4B1CED4DDCCEAD076
:106C3000E9F4EBEDD5ABBCC2D93F3320DEF9EC096A
:106C4000EEDEE7DBDFC3001A1B3319151F05FCCF8F
:106C5000D3D7D0C91B5541210BFCDF152D2624139A
:106C60001022404B53323E392A07EFF0D1F6E4337D
:106C70004B5F4705F0E3F0283A3A33494127203B80
:106C800042292A3F21360CEC1E36294E5463540DFE
:106C900002F5E3342E2D333225412733482D44307D
:106CA0002317293026283D365448331AF4E3CD2CD7
:106CB0003D3B53352F4C2D40343819321B101118E1
:106CC00041343438313C33190DE7EC0D4A3B303256
:106CD0004441271E2F2A02E1F70925494B3A3B453B
:106CE000533D23F2FEE6F31E261D2C30443E373181
:106CF000F1D2DAE0EA1F3B3C262F2C4C35232EF054
:106D0000E8EDFC0F31291E3934420804D6CFD4CF28
:106D1000D9FB34352F31404B4928F9F505EBEAEB27
:106D200022FA0AFFEACCD0E1C4C4CDD1BCDEF5051D
:106D30003C2622202D00F5FEF4FBF1D6C7B8BEA8F4
:106D4000B9B9CBBBB1C6CDD3CEB8C2C2BFE8FD0284
:106D500019130BF4FBF9E6C9C1B8AA9AC3B9CBBCA5
:106D6000CCC6BFB6CCD1C39ED3CFBDCBDB041312F0
:106D7000F5040DF0EED7D1ACCDC7E6D1D8CED3C651
:106D8000BDD3DAD6B4C6EFF4F8030B100DF813F048
:106D9000F8E1F8F2DCD7F4CCCCE3D1F1D8F9E1CECC
:106DA000E6F7E8F3FE150B0810FF0D0E01FCEEEE02
:106DB000F00E08F7E505FD12FEEEF1EB10F911F704
:106DC000F30501161007EDF9EBF000F0F6DFE5F939
:106DD000EFD9F4EAF3CEF504DCEB05F6FF060FFC81
:106DE0000401EA0AF9F300CFEBC1E5D9DDDBD0D429
:106DF000E2E6D4C3CBEEC9F4E5FA13F1ECEFF7E821
:106E00000219EEF907ED120516F91AEDFCEBE4D8BC
:106E1000E6C2C3B0C2DCF0EAEA00EF201F222D2D4B
:106E2000424025461A37240AF6EDEFE2C2AFB6B368
:106E3000B0C8FE0000060729433B4E382B321F33F3
:106E40001813321B230FD9E3C0B9ADC7A2CFE8DBBB
:106E5000151E131E4E33322D42281E2C3D45243262
:106E6000161D0611FFE1C4B1B7A7CFF9031502380B
:106E7000383333492B411B1C1D2C15321F0E271E86
:106E80000D02E0B8BFBED7DD0205DC1F4652372039
:106E900012F1D5B9CFCBE20822300D1D2D11F4D15E
:106EA000BBC2DA00F602F323351D24E4B4C9BCA644
:106EB000C9CFDB32312912170C0ED4B2B79DD8F9E5
:106EC000FDF5DB172407E5BEADA9B7B4AFD51F3676
:106ED00026432319FDF7C3D8A7CAD9E509F8EEFB65
:106EE000F4D2BDB9BCA2B1B8F61F452135400F0B95
:106EF000EBC0CAB7ADE5E5EDF6F2D606CBCBC3A342
:106F00009FC79FDD2C2833464328EDE8DBC7B1B28D
:106F1000BEF2D4DE0AF3D3EEBCBBA7AEBBC0F11900
:106F20002F313C271226F4D4C6B1BFBCCBDDC8023A
:106F30000400E205CAB7C2D8B5DEE22B3E2EFA0144
:106F40002D240D0AEEDEC0CDD6C4D0E8DC1C160E12
:106F500016D9CAB9C0D8C6F2E1DBDFD1E7191A3CAD
:106F6000340800D4CDBFECD6F00F314238F1C1BBAC
:106F7000B7C5C0CCD3D3CBE0E03B3D2D2B1911DE00
:106F8000C5B3C7E906222D403307D0D8D2ACAFC273
:106F9000A4C2C9BFD8384C3C352C0BE2B9C1D6ECE1
:106FA000EF102C496453FBD6BFC8B6B2A6C1A3C824
:106FB000084246251E3C12E4C0ACD80502F9293E21
:106FC0006560461AC4B8BAB4C4C6D6F018472221C0
:106FD000173CFAD3B3A4DA0200F92848405B5142C7
:106FE00011D7D1C4D1B1D7FE322B33361C1AD9AB4D
:106FF000B5CBCE0AEE102B44355C413E3D29F4DC86
:10700000F40D13193935130F04EEB6AEBFD0D00C02
:10701000F6123F4151344B432448402E14100C1BB0
:1070200023081F04F1DAB7B2C1D7EAFD0CF21E370C
:10703000504E3140424248242C2F1C19F90E1AF8A8
:10704000C9B3C5D0DDCDF8FDF316FA2D524F405629
:107050005933584F3546331C0EF2EFCBCAE9E4DB07
:10706000D3D80BEAF5FA04F512141E14330C0D11E3
:107070001EF2F0E4D1C6DADBDBBFD7E5E2F306F7B8
:10708000FDECF907E0F2D0CCE2E8D5E0D2C5D1C002
:10709000C4C6DFCFD5E6D9E9F6F401FF09EA160F39
:1070A000F7D7EAFEF3F8EBD1D1D4CAB7D0B7E2C62E
:1070B000D9E0EE080D020B100200F302FB12FFFEF6
:1070C00007ED0EEE00E0EAEA0CF3F515EE01051609
:1070D000F7EAF70BEF16040EEA02EECED7D7BDD0D3
:1070E000B1B3DBBECACDCAE3C9F6F109EBEEF50ECA
:1070F0000A15F3E8FFDAE7D2C69B9492B4B6C5B797
:10710000B5B0B0C2BDD8D0BBECF2FAFCEF0EF5F9C9
:10711000EED1CCBE9E949CA8C0C6A0C6AEC3B7BEDE
:10712000C5E8C6FFE8F7DF080BFDFBD41609DFF161
:10713000DEADB4BEBBB2D3C8D7C9DBD6FE100832B1
:1071400012FAE1DCF2EDECED0E0D27060AFEE6D2B6
:10715000C8C8CDC9E4DDF92041302E4E320BD5F040
:10716000F5EDD3FB181E0E2A1108E6C8BEA6BBBB60
:10717000ACC2F8261F443C5128EBDDE0F5D9D1E440
:107180000A10F004E40DD9E0A299A4A6B7B6F2F86B
:107190001810393F0BE5E1DFE4E2C3EDDAE3FAF082
:1071A000F107D7CEA3BE9194B8B9E60C17130B0C18
:1071B000DCD3DFCEF0DBD3C0C6DBD2D3F7061CF9BD
:1071C000DFAE9FA7C3F32927FEF5F2DEB2A9CBE518
:1071D000DCD0C6C6DEE3E5F61A202E2324CEA5B108
:1071E000E8441C0CFCFEDDC9B8B0A9FAE4C2CCC569
:1071F000DBEEED113C2D505724BBAAC8455B401671
:1072000001E2C1B1CDBBB5E107EAE4D1EA0225153F
:107210002B3953630BD0C5CB414E1D1BE8D3BBDBD1
:10722000C6F1F4D9FE06E6F9F9193647594D4C5422
:1072300007DBD0F7445D482D1DF4FDEEF806F8E4B9
:10724000DFECF3FC2E302E563B4B675A4C2DF828C2
:1072500041625149221623F2F7E9DEF2DBE7090623
:10726000242F305335615F5D2C29434E6538483AF1
:1072700042280CF9F202E7060501F302FF31322D34
:107280005930462839335843575141222405F2FCDE
:10729000DFCADCEEFBF4D8D2E617252247341E2DD8
:1072A00016454E43334A13FDCBCEC7C0C3B4DCE909
:1072B000ECF6EEB7B5D1D0D7D5CCA1A9D31A4542BB
:1072C0002E02C8B2D5B3D4B8ACAEE0FE07DFE1C43D
:1072D000CBD0BEC3B8B6B1B0D3D9172D0AE8DCC342
:1072E000CEBBB5B7AEB7E6E3F5F7EFCED0CECAB6B4
:1072F000BDAAB9A3CED8EFE6EDEBD7D6B6C7C9ADD8
:10730000D1B5DAFF0BECD2D1C1C6BACCBCC7B2C47E
:10731000C2E5D3E9E8F1E5DAEBD5D4ECE6BAC8E2A8
:10732000FE0DEEBFB9CEABCDADD4BFB9DBD7C6FE37
:10733000EA062D071503FAEBF8DFF0FC09F2EECDB3
:10734000C3A4A8C3B0C4CBBECDE6EC0A0A3E181A4B
:10735000363119FAF30AFAEEF00AE8DCB9C7BFB021
:10736000D2D7CBEBD4CDEFEFF50C082A1AFCF3E41F
:10737000E6FAF9F701ED06ECDDD7C1B8AAA1A296AD
:10738000A1989CB3B889B5AFB6AED5D3DB05F5EB04
:10739000F7F6ED0AE3E5CFB5A0A3B28F90A7A690CC
:1073A000848183A38DC8D5F9E5FC0AFBF9F009FABD
:1073B000EDFDF0CFC0E4B4D9BECFC5B5AFCEB6C6F3
:1073C000DFE2F4E50C16F906EFF116F9F1F00B0C1B
:1073D00004EAF903FDF604FCEFEC0FECFDFDFDFD06
:1073E000FC151209FE11EE01E400E7E0FAE8DEDA2E
:1073F000F2DAFEEBD8EFE1CED8ED03F10FF5031191
:10740000F5EE0CE006E6DFEEE0D1E0D5BFBEC6CC7F
:10741000E0D1D0CDE2D3E4CBF1EDFEF6F4FFF2F50E
:10742000EAE5DBBBC1B7E2B3BEDED7DFC2C2D6CF6F
:10743000F3EA02ECEC0EF4F7F0F3FAF7B8A4DDB9D6
:10744000BEC1CEDBAFCAE2EDE5DE0009112E323857
:1074500040240EF9160AF1E7A4AFBDCCDAC9ECF668
:10746000D5D5C6EDFFF31E182D493C3552493DFFD9
:10747000EB0B08BAC1B3C1DADCD9071D050D01F465
:10748000FA0C204525443C466744492DF7F0F2B9F3
:10749000A7B9C2C4FEFC0E1F0C14F0D8D9012136C6
:1074A0002D4D555E4D524312FCE8D4AA99C0CBD065
:1074B0001002131D17F2E8E8F0DDE20A27514F4FE2
:1074C0007E7E4712E1E5B5A3A0ABE5E82811373D84
:1074D0002F0EFFF1C9E1DBC9E91C616668794A1F1B
:1074E000F0C1CBC8B5DDE80E343B505F643FFDEA28
:1074F000C5AFB3A9B7CEBF2151773E0BE3D3B2B826
:10750000DFDEFF1037444443625322D0ACAEA2B654
:10751000B3A586A20D484316F5DFC5D9E9011B10B6
:10752000255A576B58392AC5B6CCABA9B19C8F8266
:107530009CF61BD807E9D7EB07060A1A3C534050C4
:10754000433304D5AFCFD5C4A6A8ACA69ADB03F7C6
:10755000FEE0EED7CEDEEAC714333C63572DEED8FB
:10756000D5D7EFD8B9C9AE9CA1CEC4EB00F0F5F5E4
:10757000CFCAC7BBD9EA173606E3C5B9CEC6F204EF
:10758000EADCC2C4BFCED4E301E8CEF9D6B9C7B3B2
:10759000B7C9B9B1B8B3D6BAD9F4FB0BF9F7F3E36D
:1075A000E3D2C1DAFFE3DBEBFBE5D5AAA3AAA6A8E9
:1075B000B0BBD6E8E1160B18180AF9FFF4BABDE41F
:1075C000FDEFB3E6FF1932EFCAB5A3C0C0BACFFAD8
:1075D00000160C17181C060905BDCFF7FBF8C9E00B
:1075E000041A524D2CE3C3CBE2E5EDF7FC1C282531
:1075F000132B2E260EE1F3F1F301F1D0DD2B3936FA
:10760000584E420706FAF2E11626331E2428403669
:10761000FADCE6FE05F4CABACF0928403E3E3A330A
:107620001B110605222B163E23361A0B0402F5FE0B
:10763000E9ECB3CBC6D5E8171E323B3B271F2C1E07
:1076400025243D3B3A140DFF11EEE8E603F5DFC7B4
:10765000D8F1F4FA27371D3632382B37222C0B217C
:1076600027F4160910EBFC0316F9D40BCBDAEBF672
:10767000F9231E3C2A3F27120B00F4FDEC03EAEF2E
:1076800005E8000DEBEBF818EAC7CEE4E6E6F2FAFF
:10769000F7FFDECED7E8E1BFC1E71A1006E503FD2C
:1076A000F7EDFEE9CFBFB3BBCBDBE4C8CAE2BDBA9E
:1076B000C1C4D0D4F0E30AF3FD02FC16F2F107EAEC
:1076C000F5D6F5D2E8F5D9E3F3DACBBFDBD8DBC7E3
:1076D000E1D3E3F4140A0CF413FE0A03EEFC03FDF9
:1076E000F3EA0203131AEDEAFD080AF0FE0FF800B0
:1076F000FB0EEDFB0B13ED141BFF0A2523262B2895
:107700001B0D1B281A1F1F2A2021001D150A1101FD
:10771000070B1DFC141531422E4D384E3B28494EA7
:107720003F323C452B3A330EFCF903EA0DEE0E1CBA
:10773000050D113D4E28482D2B274C3F524D4248F8
:10774000624C51463B2AF91103F3DFF700F0F501D3
:10775000111E1F07231930213144636E595B3F43CB
:107760001712F711F9F907EFEEE3E6D0DDE4D7D60B
:10777000DFE6FA253A1C152B17110DEBF2E6F50F93
:10778000F60906D5D8DBD4C9D5EACBCDD8C3E6C631
:10779000DEE2C8D1D7D7C5E0DEECC9DE09F9D0B644
:1077A000D5DCC7D7D2D2D0CDD6CAC7CED8C3CBD4DA
:1077B000B9B2AEB3B6BCCFE303E5DBBBE3D1BBEFFD
:1077C000CCD0D4D1D1E2C7C3B7B9CBAFAEADC2AD87
:1077D00096A8B3EE01EDC7D5D8C3C9CCEFD1EDE67D
:1077E000FD06DAD39DB7C7A2B1ACC3A69C96A8E0AC
:1077F000DBE0C2CBB1C9E9010DF9DAFA1338C5B142
:10780000B0B8C6BEAFCDDED7B7A5D7DFF3EAD8A8EC
:10781000DBD1050708F119122827AFAACCAFCABEE1
:10782000D0F303361ED5D8ED0DD5DEB5DCE616FE59
:107830001E0A2C393D05CCA9C3CFC3D817495942DC
:1078400043EEB5E0EFE6EFC9C7F0FB2216192C3383
:1078500034F9C0DD14131B183B2A40475021CEE0F9
:1078600008EBD2C3ADD7190D0D203C4726EFE02120
:107870002526FA26182C5745381ADAE004F6EEB415
:10788000BCF5F7262A373E5419E51D1A0EF7140FDA
:107890003F4832272806B0E1FBE8DBC1CAD1DE054C
:1078A00019474A3C26051E08C8EA112B43352B3DD3
:1078B000130DA7E80CE7D2C6C8B2C1FF2C4656414B
:1078C000401CEAD1BF0E264627441527FAE6A7D268
:1078D00004FCBDBBC0B9CFF939323D4C3D3BF5FC92
:1078E000112C2F4E202B25EFD6CFD7D5E5EFD4CEB8
:1078F000BFD0B0DB082B414E3B49362A303B4029F4
:107900002E3AF5C6ABC0DDEB15EBC3B6C5BFAACEAC
:10791000E21647595A4A52393C4230220AE1D8AB62
:10792000C2ADF0F9FCE0EACACFABC0C2CDE2F12DA6
:10793000495C47433930EEEBBCC9CBCBB7D6FA082C
:10794000E509CBCAAFCAB0C4D1B5C2C4C9D0DEC87C
:10795000CFD3BAC7B8B5B0B5C6DFF8EE02F0DFE4F2
:10796000C0C9DBB0C7B9D3BAB5CFBBB4BDB5ADB331
:10797000CFCAD5A8B1CA020E12F6FED7C7E0BBBB6C
:10798000BBB8C7B9D7BDD8CFB0BAB9B1C8B2B7E1E3
:10799000D7E4F0F7F9FE030ACBD1B4D3CFC1B9BD18
:1079A000D0B5BBB5B1D7B3B7CBC6D6C0EBF4F4F402
:1079B000F70F1005E8EBC9CCD2E8C7D6C9DCC0E1A7
:1079C000C5D9D3C6B7C5CFF8EFF9EAFFED0410006B
:1079D000F4F9E5E8DFF6EED0D0D6E6D9CECEE9EC84
:1079E000D2F2F7F1EC031207FEECEC08F304070FF8
:1079F0001503EB0705F908E716F2130700EDF6018A
:107A0000F112FFFB11F514F2FDF6E2D4E0E8D6C75F
:107A1000DFDFD2DDC9C5DDF9DCDEDBE6FE16F0EB2B
:107A200004FC04FEDEE6E1DED3BEC4DCDDD6D5CB4D
:107A3000E2D1D8D1DFD6D806FEF30905F702FAF76E
:107A4000EEDEC1D2B1B1C8C0DCD4C8CBCBE3C3D267
:107A5000C4CAD7D3FE00F10CF5E8FFFB03CBE4C6A4
:107A6000D7DCBCCACABECDDBBED2C9C4DDD6D7B94D
:107A7000C9DCDFED0002070501F3D9D4E7D8BBD399
:107A8000B6B8C4AFBBD4D0CFC7AED8CFC1B8C2DDB3
:107A9000ECE914FB0519171E16FEE7E3DECAC6C59E
:107AA000D4CCB1CDD2BDD1B7BFB0B2F1F2FC314030
:107AB000283534365244494610F4DBCFE3FFF51144
:107AC000E7EFCEC4C9B7B7C9F9143929252E3D4F00
:107AD00036434C3F482E3E2C3358413B1E08EECCDB
:107AE000C1BDACDAFB19414526434947312D382E3B
:107AF00050323F57455535471C3102B3B3A5A80551
:107B00001D304B4E48363A403745421F3A2F5155AB
:107B10003B3F574F362910C1C4BAC807FB264E3623
:107B20004933231D312516FDF7DFE0F7603934387E
:107B30001F240ADDBEA9CCE205224E4B2B2839407A
:107B400008C2A7AFA4C4B3C440392B383503E6DB61
:107B5000E0C6E6FE082F3A35272C1302C9A9B2B6B3
:107B6000B5A6B1BF292A242314FFEBE6DBD8F8F62B
:107B7000FF1F14294617E5CBBEA9B3AAB2AB9BA73A
:107B80002C33232808F9E5FBD5F2E5EC10F70C15AA
:107B900023EBEFC3CE9FBDB7B2BEA307373A3C2B52
:107BA00013F800DDF4CBDCE3FDE91001FED9D5E6E6
:107BB000C5AEB9C2C7D1D42D35301F23F0F3D4F1EF
:107BC000DED6CAE1FEF3D600E6E4CAC4C5CFC7D507
:107BD000D6EB3A1F1710FEF6E4D1CCE3C8C1E0D5CE
:107BE0000CF0E9EDDCD9CDB3B8CDCDCEDC283933FE
:107BF0001017CEE1E3D6BDCEBEBDFB03E916D5E33B
:107C0000C0CCCFBFC9D1CECF15261615FADDBBBC6F
:107C1000B6D2A6C3AEE2F8EDF506CCD7DBC0D1D222
:107C2000CDC9BBEB182F20FAD0B5BECAC4B0C9A1CC
:107C3000D0C2ECF302F1BDC4BFDFD4BED6DDDEF2AC
:107C40000A09F7E4BFBDB8B7B7B2BDC7D8E0D1E500
:107C5000EFF2C9C9BDE3D5E3DCD7D20206F709FDCF
:107C6000CCDBB0ACB0AFB29FCDECF5FBF2EACDD33C
:107C7000E409FD0D0E002E14220402170BEEC5A21E
:107C8000BC9DC3AFF3E5E1000DFFF116274251386B
:107C90003C454546292445273E220DE7C2BAB5BEDC
:107CA000E1E5030FEFEFE1153A3837414E353C304F
:107CB00045534E5946373532F6EF04CC070B0B15BA
:107CC000F2FEFFED1D163632312F362B53384E4162
:107CD0005948443D090103F1DD0C00F9EA0B110399
:107CE00013183119360F23343A4242304B2F2D21CD
:107CF0000002FF0111001612000F02F8FFF3FE0D43
:107D000005F2FAF2FEFC010C1006FBF0F5FBFAF5A9
:107D10000E00120C0FEFFDEFF7F8DFE7FEFFE0DDDE
:107D2000D1E6D4CEE4C9E5EAF6F9EEF005EAEB06D1
:107D300014EDFF03E502F0E1CCCFBBC4D1CBD2B24E
:107D4000CDCCD1BEC6E8F1DCDDDDFA00EFF9F6F608
:107D5000FDEDD6C7C8C5D4AFADBEBCC3B8B9B9C0B8
:107D6000C5C8C7FBDAEADD0EFBF403DEE4AFD4CD11
:107D7000D7DFC3E1C1E1D8FAEBDEDBC5D3BFBACAB6
:107D8000DCFCF7030AF6E6D8CDBBACD9C5C4CAEE15
:107D90001B2D313B38512B14FF09E9F0C801F8F9CC
:107DA00012EFE0BAC4CFBDDCE4D6FE0B26362E249B
:107DB0003E3B1A141A190A1BE7F0FBE3F6E4E3D280
:107DC000C5E6DCE0EE120523161E09FAEFF0180FE7
:107DD0003325152E12DCE90DE9E3BAC3F1EFF10802
:107DE000201930211503C6DCD6D9F10212203D201E
:107DF0002A080017E0E1D3CCF9FA0F1C2D3A23230F
:107E000013D0CABFCDD0E72E1B2935431E030C0C5F
:107E1000E0EBC5CCF5FC31394549363D43EABDC7F9
:107E2000BFE30A3C434A4E3B3A230513FFCDC8BB90
:107E300009FF0D3C233B27275B43CBB2EAFE1D2500
:107E400052483F453A3108FB0FF5DFD5E713FA01F9
:107E5000F30A0226445915F21A1214272639140C73
:107E6000173106F5E8E1DADCE7D0D2C0CBC4E1286F
:107E70004C49381A390CF6EFF3D7DBF9E1F4FCE49E
:107E8000DFF8E1AED3C7B6D3B2ABBB3D503D212343
:107E90000DD5BEB6D0C1C9DBBCEEF0E4DC06F6AE53
:107EA000C5C7ADB5ADA8DD2D4B4F2A1CFED2D4C041
:107EB000B4C7DCD3BFDDD4F8FCDCD6DDC9C0C7BF96
:107EC000C9C63432424C13FEEDD4B6B3C1D3B5D0DB
:107ED000CCCCD1DD1204CBBEC2AFDAD7072A444FD7
:107EE000482AE9EAFAE6DED2E3D1C9CDD1A3C7CE6A
:107EF00001DBBCC2D0CDD3FA274030404CF4BCC724
:107F0000DDE5DDD5DBD4DED8BAB8E2EDF4DDB4B71B
:107F1000ABBFE3043B4A342BEFAAC3D5D4CAE6D2A5
:107F2000F0DEEAE6BDC4D4E3EAE7C8C1B5E3F6FF94
:107F30002E1218DEDCCDBEE1CEEAE2EDF00CF4F359
:107F4000C5A2BCE506EFCAB4AFE5E5F40004170826
:107F5000EAE2F7E2F3021D0D01FFFCDAC1C1BAEE5D
:107F6000E3E5B3B3AADDDDEE0201111E3337372C92
:107F7000152726151E0907D2D0BEF6FEFE0BE1D04E
:107F80009AB8DBD9FC1230435B4B503B4D29263469
:107F90002109F2F9EBEADC05FA0EE5C296B4B1C3A9
:107FA000E4F20B1F283F273F32372C21FAE6DDF1A0
:107FB000D1D1FBF2F501F3DFC39F9F8C8E9ABEA057
:107FC000C0C0DCD5C8D2D7C7D7D3C2F0D1ECFDF43E
:107FD0000E11FC0CDAB9A0B4CBB0D6CEBDBAC9A88C
:107FE000C7D1BABBCCCDE20507F8F8FE0105EDF12B
:107FF000F4DFEBCBF3E2D8D3D0D7DBC4DEDBC7ECC6
:10800000DEF5FDE8F3F8160FEFEAF5FF11020C08B4
:1080100012F9FCFA04EAFBEFF2F701ED0614EFFEA9
:1080200004E908EFFAF6F0EFEAE1E3D6FCF0E1C686
:10803000BEC9C8C4E5BCEBE0E2E9F5E6F8FAEEFC3F
:10804000FF0909F4DEF7F2E6EAD7DADFBBC2C3C103
:10805000BEBDBBD8D0EBD9E1FF02F9151415EEF97E
:10806000E4E5D8C6C8D1C9DDD7D1BFD4D2C4C1AC2C
:10807000B0BEC1BDE5E4F70EEDFD07DDEFDDE3E3E6
:10808000CCC5C2C1B5B5CCCCBBBCC9B1D0B3CCC0DA
:10809000D3E4EDEE0613F2F5D5BBCFC1BCD5AEC52A
:1080A000D2C1A7A9C3B4AE9EA3AEAA9B9BCBBEE28E
:1080B000EC03E0C5CD9BA6BBB4ADC0C9E90B4B3CFE
:1080C0003320FCC3B5B69694A6BEA2E6E8F0C8A8D5
:1080D000A59AA19FBCA7C8E33556566F6F3B20FDFC
:1080E000E6C7AB9286ACC2D2DDCCCD9AA3A4AFC911
:1080F000A3D1062E3A3F614B41282B05D9C0B89633
:10810000AF9D9EF4F9DFA9B69BB3BCD6E822333C01
:108110002214F9EFD8EF0813F9D9B4A19EA09FE477
:1081200005D39EBED1D8E6141F45224522D7B3BC45
:10813000E00C0C2C3902E3B6C7ABB6F1FEB7C0CAEF
:10814000FB182F4B412C4119CDCDD1C41C373E3AE1
:10815000592818DBABCAD4FAECC1C6FB31474743F8
:1081600044273E01C8C8E327494040516135F5F82E
:10817000BFB2B7EFFEE6D214244B34442F2419FCCF
:10818000000640355244463C3D0AD8DEBFC2D10607
:10819000E4F6E11025324D3B343A391F1D16222AF0
:1081A00038523F12DAE9BAB7C5A7ECECF3E4E9F9C3
:1081B00020150F2F1C143E2412FC082427502CD00D
:1081C000B9CAD2C99AB6E8050DE6CDFF1D10E70B76
:1081D0001622302121E2DB2B3831F5D9C9CDD4BFAD
:1081E00095A9B8FEEEE5E4ECD6CAC7DFFF172F1F4E
:1081F000D9D7E5342B20F2C2D6D0D3C0A39FB8D3B1
:108200000301E9DDC0E2CDDEE8DCD7CCB7DE070F45
:1082100025F1DDC0D9DCCDB9A8BAE200FAD4C7DFB8
:10822000BCC4C0B1B3ADAECAC2C0EAFBE5E4D8CBB2
:10823000E0D4AFC4B9E3EFE5FDF4D5BBD3C6BEC20D
:10824000C4D0C9BACBD7E9E7B9D2C5CADFCACFD241
:10825000DD01CBEAE7EDE7B6D8CDD8DABCBFC2C1C5
:10826000BAC9BABFCBCDE5EFDBD3E8F309F8DFF14C
:10827000E6E7CFE1CAC6D0BDBECECCCBCEE5D6CAEE
:10828000B1EAE4F40F00130418F8EAFAF607D8EE9E
:10829000B7BCD1D4DECCC8D3EBD4BACFD808331F07
:1082A0002A42473823E9F2F2EBFDECBDE40DF71268
:1082B0001133341D0E230705184F4956404E3035F3
:1082C00015E800EA1204F6D0110F114328434B5170
:1082D00037334C4F4B5841504D6633152215E80D3E
:1082E00002F0121A0B2628001D070B251F0B1C0F6E
:1082F00038404D5431330626FE09090DF2FCF0FDDD
:10830000F0F4EFDAF8F2CEC6D8C5C5BCB4ADE4F1EE
:108310000DFF0DFCEAFD0F0147B3FFFF803D00009C
:1083200043C8FFFF09BEFFFFBD2200003543000028
:10833000D4D8FFFF062B00003BA1FFFFA7F8FFFFEB
:108340000D0A20E88BA5E6B189E5AD97E698BEE772
:10835000A4BAE4B88DE6ADA3E5B8B8EFBC8CE8AF3D
:10836000B7E99885E8AFBBE5B7A5E7A88BE4B8AD5A
:10837000E79A84726561646D652E747874E69687F9
:10838000E4BBB6E8AFB4E6988EEFBC8CE6A0B9E6E5
:108390008DAEE8A681E6B182E7BB99464C415348D1
:1083A000E9878DE588B7E5AD97E6A8A1E695B0E643
:1083B0008DAE0D0A0000000044696769744E4E20BE
:1083C000726573756C743A2050657263657074726F
:1083D0006F6E3D257520636F6E663D25752C2046BA
:1083E0004E4E3D257520636F6E663D25752C2043EE
:1083F0004E4E3D257520636F6E663D25750D0A0056
:1084000020840108000000202401000080410008B1
:108410004485010824010020F43300009041000845
:10842000000000000102030401020304060708091A
:108430000204060800A00000F00040010600000051
:10844000F80000200000FFFFF6CFD3BBD10896BD97
:10845000D42D8C43A359993DD97A063BA578D1C038
:1084600065C5B03D6EDBF73AF3624DC1CCEC73BB32
:10847000A0C186BD39B77E433752363B7EFE7B3D79
:10848000F18739C1F3C9AA3DD40CA93BC4667AC1AE
:108490002ECBB73DEC8497B9CEE5A4C1CA17B4BAC8
:1084A000E3FE833D996E80C18010493ADACA8BBDE4
:1084B0004BE47A438F39AFBDEA784CB9B35FA74339
:1084C000438EADBDDE214538E294A14326370ABB79
:1084D00085ED87BD2F7E82439738F2BAE82E893D1D
:1084E00007EA4CC108CAADBDA30653BA9CB2A64365
:1084F000E50AAFBD5DA365BAF702A743C32A5EBB19
:108500008A8E843DE5C1C6C0000000000000000066
:10851000FFFFFFFFFFFFFFFF825000080800100071
:108520007256000810001800426800081800200069
:10853000000000000000000000000000000000003B
:048540000000000037
:0400000508000131BD
:00000001FF
